# SYNTHETIC sample data for `calibrate check`, generated by calibrate.synth.make_check_sample (seed 11). Invented refund-approval scenario; not measurements of any real model.
timestamp,decision_id,segment,model_version,probability,threshold,decision,outcome
2026-08-03T00:04:16Z,SYN-00627,channel=email,refund-v1,0.027,0.5,no,no
2026-08-03T00:28:15Z,SYN-01598,channel=email,refund-v1,0.969,0.5,yes,yes
2026-08-03T00:52:00Z,SYN-02059,channel=email,refund-v1,0.001,0.5,no,no
2026-08-03T01:02:39Z,SYN-00812,channel=chat,refund-v1,0.003,0.5,no,no
2026-08-03T02:10:51Z,SYN-01527,channel=chat,refund-v1,0.999,0.5,yes,yes
2026-08-03T02:43:57Z,SYN-02209,channel=chat,refund-v1,0.005,0.5,no,no
2026-08-03T04:18:28Z,SYN-01534,channel=email,refund-v1,0.017,0.5,no,no
2026-08-03T04:36:09Z,SYN-00793,channel=email,refund-v1,0.904,0.5,yes,yes
2026-08-03T04:45:14Z,SYN-01213,channel=email,refund-v1,0.005,0.5,no,no
2026-08-03T05:02:02Z,SYN-00888,channel=chat,refund-v1,0.769,0.5,yes,yes
2026-08-03T05:13:58Z,SYN-01530,channel=chat,refund-v1,0.004,0.5,no,no
2026-08-03T07:25:46Z,SYN-01123,channel=email,refund-v1,0.944,0.5,yes,yes
2026-08-03T07:30:44Z,SYN-02051,channel=chat,refund-v1,0.979,0.5,yes,yes
2026-08-03T07:39:44Z,SYN-02375,channel=email,refund-v1,0.004,0.5,no,no
2026-08-03T08:55:15Z,SYN-00117,channel=email,refund-v1,0.003,0.5,no,no
2026-08-03T09:14:24Z,SYN-01324,channel=email,refund-v1,0.015,0.5,no,no
2026-08-03T09:24:49Z,SYN-00110,channel=chat,refund-v1,0.003,0.5,no,no
2026-08-03T10:34:56Z,SYN-01756,channel=email,refund-v1,0.987,0.5,yes,yes
2026-08-03T10:42:58Z,SYN-02332,channel=email,refund-v1,0.938,0.5,yes,yes
2026-08-03T11:11:34Z,SYN-00613,channel=chat,refund-v1,0.019,0.5,no,no
2026-08-03T12:19:28Z,SYN-02022,channel=chat,refund-v1,0.028,0.5,no,no
2026-08-03T12:45:26Z,SYN-01039,channel=email,refund-v1,0.994,0.5,yes,yes
2026-08-03T12:52:31Z,SYN-00784,channel=email,refund-v1,0.907,0.5,yes,no
2026-08-03T12:54:52Z,SYN-02183,channel=email,refund-v1,0.026,0.5,no,no
2026-08-03T14:25:38Z,SYN-01736,channel=chat,refund-v1,0.001,0.5,no,no
2026-08-03T14:35:21Z,SYN-00191,channel=email,refund-v1,0.994,0.5,yes,yes
2026-08-03T17:04:43Z,SYN-01154,channel=chat,refund-v1,0.999,0.5,yes,yes
2026-08-03T17:20:46Z,SYN-00641,channel=email,refund-v1,0.003,0.5,no,no
2026-08-03T17:25:10Z,SYN-01350,channel=email,refund-v1,0.587,0.5,yes,yes
2026-08-03T18:25:37Z,SYN-01884,channel=email,refund-v1,0.997,0.5,yes,yes
2026-08-03T18:27:55Z,SYN-01465,channel=chat,refund-v1,0.034,0.5,no,no
2026-08-03T20:58:30Z,SYN-02161,channel=email,refund-v1,0.001,0.5,no,no
2026-08-03T21:09:30Z,SYN-01596,channel=email,refund-v1,0.031,0.5,no,no
2026-08-03T21:20:13Z,SYN-00861,channel=chat,refund-v1,0.112,0.5,no,no
2026-08-03T21:50:03Z,SYN-01831,channel=email,refund-v1,0.007,0.5,no,no
2026-08-03T22:11:44Z,SYN-00995,channel=email,refund-v1,0.592,0.5,yes,yes
2026-08-03T22:13:17Z,SYN-00019,channel=chat,refund-v1,0.997,0.5,yes,yes
2026-08-03T22:32:19Z,SYN-01707,channel=email,refund-v1,0.004,0.5,no,no
2026-08-03T22:51:53Z,SYN-00819,channel=email,refund-v1,0.779,0.5,yes,no
2026-08-04T01:24:07Z,SYN-01268,channel=chat,refund-v1,0.018,0.5,no,no
2026-08-04T02:16:17Z,SYN-01106,channel=chat,refund-v1,0.027,0.5,no,no
2026-08-04T02:32:11Z,SYN-01715,channel=email,refund-v1,0.940,0.5,yes,yes
2026-08-04T02:39:11Z,SYN-00530,channel=email,refund-v1,0.007,0.5,no,no
2026-08-04T03:02:14Z,SYN-01576,channel=email,refund-v1,0.080,0.5,no,no
2026-08-04T03:27:53Z,SYN-00764,channel=chat,refund-v1,0.882,0.5,yes,yes
2026-08-04T05:29:22Z,SYN-00238,channel=email,refund-v1,0.219,0.5,no,yes
2026-08-04T05:38:17Z,SYN-00894,channel=chat,refund-v1,0.999,0.5,yes,yes
2026-08-04T05:51:46Z,SYN-00509,channel=email,refund-v1,0.110,0.5,no,no
2026-08-04T06:40:22Z,SYN-02052,channel=email,refund-v1,0.293,0.5,no,no
2026-08-04T06:48:34Z,SYN-00625,channel=chat,refund-v1,0.001,0.5,no,no
2026-08-04T06:50:10Z,SYN-00175,channel=phone,refund-v1,0.011,0.5,no,no
2026-08-04T07:19:30Z,SYN-02082,channel=email,refund-v1,0.169,0.5,no,no
2026-08-04T07:58:37Z,SYN-01412,channel=email,refund-v1,0.824,0.5,yes,yes
2026-08-04T08:07:21Z,SYN-01969,channel=chat,refund-v1,0.999,0.5,yes,yes
2026-08-04T08:46:57Z,SYN-00862,channel=email,refund-v1,0.005,0.5,no,no
2026-08-04T09:18:25Z,SYN-00795,channel=email,refund-v1,0.030,0.5,no,no
2026-08-04T09:54:21Z,SYN-01400,channel=chat,refund-v1,0.999,0.5,yes,yes
2026-08-04T10:10:24Z,SYN-01746,channel=email,refund-v1,0.024,0.5,no,no
2026-08-04T11:03:28Z,SYN-00536,channel=email,refund-v1,0.926,0.5,yes,yes
2026-08-04T11:13:39Z,SYN-01804,channel=chat,refund-v1,0.192,0.5,no,no
2026-08-04T12:27:08Z,SYN-00484,channel=chat,refund-v1,0.997,0.5,yes,yes
2026-08-04T13:38:47Z,SYN-01951,channel=email,refund-v1,0.953,0.5,yes,no
2026-08-04T15:19:02Z,SYN-01476,channel=email,refund-v1,0.978,0.5,yes,yes
2026-08-04T15:23:50Z,SYN-01654,channel=email,refund-v1,0.336,0.5,no,no
2026-08-04T16:03:15Z,SYN-01710,channel=email,refund-v1,0.059,0.5,no,no
2026-08-04T16:13:59Z,SYN-01569,channel=email,refund-v1,0.678,0.5,yes,yes
2026-08-04T18:11:59Z,SYN-01354,channel=email,refund-v1,0.512,0.5,yes,yes
2026-08-04T18:46:52Z,SYN-01827,channel=chat,refund-v1,0.997,0.5,yes,yes
2026-08-04T20:03:16Z,SYN-01129,channel=email,refund-v1,0.063,0.5,no,no
2026-08-04T20:24:37Z,SYN-02225,channel=chat,refund-v1,0.052,0.5,no,no
2026-08-04T20:27:31Z,SYN-02032,channel=chat,refund-v1,0.947,0.5,yes,yes
2026-08-04T22:16:47Z,SYN-02103,channel=chat,refund-v1,0.986,0.5,yes,yes
2026-08-04T22:33:05Z,SYN-01809,channel=chat,refund-v1,0.011,0.5,no,no
2026-08-04T22:50:25Z,SYN-00346,channel=email,refund-v1,0.976,0.5,yes,yes
2026-08-04T22:53:16Z,SYN-02292,channel=email,refund-v1,0.034,0.5,no,no
2026-08-04T22:57:06Z,SYN-00277,channel=email,refund-v1,0.973,0.5,yes,yes
2026-08-04T23:36:24Z,SYN-01305,channel=chat,refund-v1,0.605,0.5,yes,yes
2026-08-05T00:39:05Z,SYN-00032,channel=email,refund-v1,0.932,0.5,yes,yes
2026-08-05T01:02:01Z,SYN-00608,channel=chat,refund-v1,0.425,0.5,no,no
2026-08-05T01:08:00Z,SYN-00224,channel=email,refund-v1,0.903,0.5,yes,yes
2026-08-05T01:18:49Z,SYN-02344,channel=email,refund-v1,0.011,0.5,no,no
2026-08-05T02:03:32Z,SYN-01843,channel=chat,refund-v1,0.018,0.5,no,no
2026-08-05T02:20:06Z,SYN-00048,channel=email,refund-v1,0.986,0.5,yes,yes
2026-08-05T03:06:02Z,SYN-01254,channel=chat,refund-v1,0.919,0.5,yes,yes
2026-08-05T04:05:53Z,SYN-00610,channel=chat,refund-v1,0.761,0.5,yes,yes
2026-08-05T04:08:48Z,SYN-01097,channel=email,refund-v1,0.479,0.5,no,no
2026-08-05T04:14:04Z,SYN-00978,channel=chat,refund-v1,0.995,0.5,yes,yes
2026-08-05T04:44:40Z,SYN-02101,channel=chat,refund-v1,0.967,0.5,yes,yes
2026-08-05T04:49:22Z,SYN-02368,channel=chat,refund-v1,0.003,0.5,no,no
2026-08-05T05:06:56Z,SYN-00592,channel=email,refund-v1,0.018,0.5,no,no
2026-08-05T05:29:34Z,SYN-00272,channel=email,refund-v1,0.972,0.5,yes,yes
2026-08-05T05:33:32Z,SYN-00569,channel=email,refund-v1,0.674,0.5,yes,yes
2026-08-05T07:12:09Z,SYN-01433,channel=email,refund-v1,0.021,0.5,no,no
2026-08-05T09:01:30Z,SYN-00464,channel=email,refund-v1,0.954,0.5,yes,yes
2026-08-05T09:17:26Z,SYN-00025,channel=chat,refund-v1,0.098,0.5,no,no
2026-08-05T09:23:21Z,SYN-01332,channel=email,refund-v1,0.189,0.5,no,no
2026-08-05T10:15:41Z,SYN-01234,channel=email,refund-v1,0.975,0.5,yes,yes
2026-08-05T10:19:30Z,SYN-01377,channel=chat,refund-v1,0.033,0.5,no,no
2026-08-05T11:10:33Z,SYN-00475,channel=chat,refund-v1,0.352,0.5,no,no
2026-08-05T12:52:30Z,SYN-01484,channel=chat,refund-v1,0.998,0.5,yes,yes
2026-08-05T13:15:15Z,SYN-02119,channel=email,refund-v1,0.003,0.5,no,no
2026-08-05T13:25:43Z,SYN-01970,channel=email,refund-v1,0.018,0.5,no,no
2026-08-05T13:53:05Z,SYN-01624,channel=email,refund-v1,0.978,0.5,yes,yes
2026-08-05T14:25:25Z,SYN-00003,channel=email,refund-v1,0.001,0.5,no,no
2026-08-05T15:09:04Z,SYN-00394,channel=chat,refund-v1,0.531,0.5,yes,yes
2026-08-05T15:19:17Z,SYN-02196,channel=email,refund-v1,0.337,0.5,no,no
2026-08-05T15:19:41Z,SYN-00675,channel=email,refund-v1,0.827,0.5,yes,yes
2026-08-05T16:32:01Z,SYN-02031,channel=chat,refund-v1,0.987,0.5,yes,yes
2026-08-05T16:49:15Z,SYN-02290,channel=email,refund-v1,0.012,0.5,no,no
2026-08-05T17:13:37Z,SYN-01483,channel=chat,refund-v1,0.889,0.5,yes,yes
2026-08-05T17:28:42Z,SYN-00838,channel=email,refund-v1,0.105,0.5,no,no
2026-08-05T18:14:11Z,SYN-01987,channel=chat,refund-v1,0.003,0.5,no,no
2026-08-05T20:11:36Z,SYN-01247,channel=chat,refund-v1,0.179,0.5,no,no
2026-08-05T20:16:56Z,SYN-01369,channel=chat,refund-v1,0.061,0.5,no,no
2026-08-05T20:32:10Z,SYN-01567,channel=email,refund-v1,0.021,0.5,no,no
2026-08-05T20:44:52Z,SYN-01923,channel=email,refund-v1,0.012,0.5,no,no
2026-08-05T20:53:15Z,SYN-02002,channel=email,refund-v1,0.060,0.5,no,no
2026-08-05T21:45:21Z,SYN-01861,channel=email,refund-v1,0.983,0.5,yes,yes
2026-08-05T22:17:32Z,SYN-00776,channel=chat,refund-v1,0.997,0.5,yes,yes
2026-08-05T22:38:02Z,SYN-00755,channel=email,refund-v1,0.938,0.5,yes,yes
2026-08-05T23:10:24Z,SYN-02167,channel=chat,refund-v1,0.984,0.5,yes,yes
2026-08-06T01:16:41Z,SYN-00067,channel=chat,refund-v1,0.990,0.5,yes,yes
2026-08-06T01:22:42Z,SYN-00209,channel=email,refund-v1,0.904,0.5,yes,no
2026-08-06T01:23:36Z,SYN-00351,channel=email,refund-v1,0.907,0.5,yes,yes
2026-08-06T01:34:09Z,SYN-01309,channel=email,refund-v1,0.978,0.5,yes,yes
2026-08-06T01:51:05Z,SYN-00710,channel=chat,refund-v1,0.905,0.5,yes,yes
2026-08-06T02:35:11Z,SYN-00526,channel=chat,refund-v1,0.001,0.5,no,no
2026-08-06T02:38:59Z,SYN-01716,channel=email,refund-v1,0.043,0.5,no,no
2026-08-06T03:42:28Z,SYN-00568,channel=phone,refund-v1,0.002,0.5,no,no
2026-08-06T03:58:23Z,SYN-00514,channel=chat,refund-v1,0.030,0.5,no,no
2026-08-06T04:16:29Z,SYN-01028,channel=email,refund-v1,0.289,0.5,no,no
2026-08-06T04:17:20Z,SYN-02339,channel=chat,refund-v1,0.999,0.5,yes,yes
2026-08-06T05:13:07Z,SYN-02088,channel=chat,refund-v1,0.075,0.5,no,yes
2026-08-06T05:46:14Z,SYN-00470,channel=chat,refund-v1,0.999,0.5,yes,yes
2026-08-06T06:40:56Z,SYN-00945,channel=email,refund-v1,0.992,0.5,yes,yes
2026-08-06T06:43:14Z,SYN-02297,channel=chat,refund-v1,0.999,0.5,yes,yes
2026-08-06T06:57:15Z,SYN-01536,channel=chat,refund-v1,0.822,0.5,yes,yes
2026-08-06T07:55:26Z,SYN-00388,channel=email,refund-v1,0.982,0.5,yes,yes
2026-08-06T08:39:04Z,SYN-00168,channel=email,refund-v1,0.203,0.5,no,no
2026-08-06T08:49:11Z,SYN-01235,channel=chat,refund-v1,0.866,0.5,yes,yes
2026-08-06T09:51:52Z,SYN-00130,channel=chat,refund-v1,0.996,0.5,yes,yes
2026-08-06T11:15:45Z,SYN-00320,channel=email,refund-v1,0.895,0.5,yes,yes
2026-08-06T12:07:10Z,SYN-02099,channel=email,refund-v1,0.017,0.5,no,no
2026-08-06T13:12:17Z,SYN-00440,channel=email,refund-v1,0.001,0.5,no,no
2026-08-06T13:24:09Z,SYN-00900,channel=email,refund-v1,0.996,0.5,yes,yes
2026-08-06T15:09:04Z,SYN-02121,channel=email,refund-v1,0.973,0.5,yes,yes
2026-08-06T15:45:43Z,SYN-01653,channel=email,refund-v1,0.776,0.5,yes,no
2026-08-06T16:23:38Z,SYN-01029,channel=email,refund-v1,0.097,0.5,no,no
2026-08-06T16:49:24Z,SYN-00095,channel=chat,refund-v1,0.963,0.5,yes,yes
2026-08-06T16:49:45Z,SYN-00379,channel=email,refund-v1,0.018,0.5,no,no
2026-08-06T17:43:28Z,SYN-00014,channel=chat,refund-v1,0.013,0.5,no,no
2026-08-06T17:51:46Z,SYN-01403,channel=chat,refund-v1,0.897,0.5,yes,no
2026-08-06T18:44:34Z,SYN-01394,channel=email,refund-v1,0.813,0.5,yes,no
2026-08-06T19:08:58Z,SYN-01276,channel=email,refund-v1,0.999,0.5,yes,yes
2026-08-06T19:12:22Z,SYN-02054,channel=email,refund-v1,0.997,0.5,yes,yes
2026-08-06T19:24:06Z,SYN-01637,channel=chat,refund-v1,0.832,0.5,yes,yes
2026-08-06T19:44:39Z,SYN-01463,channel=email,refund-v1,0.792,0.5,yes,yes
2026-08-06T20:28:59Z,SYN-01755,channel=email,refund-v1,0.001,0.5,no,no
2026-08-06T21:00:10Z,SYN-02127,channel=chat,refund-v1,0.470,0.5,no,yes
2026-08-06T21:12:18Z,SYN-00557,channel=chat,refund-v1,0.092,0.5,no,no
2026-08-06T21:26:51Z,SYN-00338,channel=chat,refund-v1,0.001,0.5,no,no
2026-08-06T21:29:29Z,SYN-02108,channel=email,refund-v1,0.104,0.5,no,no
2026-08-06T22:58:44Z,SYN-00791,channel=email,refund-v1,0.002,0.5,no,no
2026-08-06T23:33:38Z,SYN-01338,channel=phone,refund-v1,0.002,0.5,no,no
2026-08-07T00:44:55Z,SYN-01194,channel=chat,refund-v1,0.948,0.5,yes,yes
2026-08-07T01:19:38Z,SYN-02333,channel=chat,refund-v1,0.015,0.5,no,no
2026-08-07T01:37:22Z,SYN-02282,channel=chat,refund-v1,0.046,0.5,no,no
2026-08-07T01:52:14Z,SYN-01146,channel=email,refund-v1,0.993,0.5,yes,yes
2026-08-07T01:53:57Z,SYN-00517,channel=email,refund-v1,0.994,0.5,yes,yes
2026-08-07T02:08:43Z,SYN-00738,channel=chat,refund-v1,0.968,0.5,yes,yes
2026-08-07T02:54:33Z,SYN-01860,channel=email,refund-v1,0.245,0.5,no,yes
2026-08-07T03:01:21Z,SYN-00137,channel=email,refund-v1,0.334,0.5,no,no
2026-08-07T03:16:51Z,SYN-00020,channel=chat,refund-v1,0.416,0.5,no,no
2026-08-07T03:32:12Z,SYN-01556,channel=chat,refund-v1,0.410,0.5,no,no
2026-08-07T03:55:46Z,SYN-00009,channel=phone,refund-v1,0.170,0.5,no,no
2026-08-07T04:01:03Z,SYN-01343,channel=email,refund-v1,0.001,0.5,no,no
2026-08-07T04:45:43Z,SYN-01880,channel=chat,refund-v1,0.037,0.5,no,no
2026-08-07T05:01:25Z,SYN-00983,channel=chat,refund-v1,0.076,0.5,no,no
2026-08-07T05:43:32Z,SYN-00655,channel=email,refund-v1,0.467,0.5,no,no
2026-08-07T06:03:23Z,SYN-01818,channel=chat,refund-v1,0.792,0.5,yes,no
2026-08-07T07:43:29Z,SYN-01008,channel=chat,refund-v1,0.513,0.5,yes,yes
2026-08-07T09:06:06Z,SYN-01929,channel=email,refund-v1,0.903,0.5,yes,yes
2026-08-07T09:49:39Z,SYN-00173,channel=email,refund-v1,0.001,0.5,no,no
2026-08-07T10:28:06Z,SYN-00886,channel=chat,refund-v1,0.002,0.5,no,no
2026-08-07T10:48:26Z,SYN-01573,channel=email,refund-v1,0.207,0.5,no,no
2026-08-07T11:37:35Z,SYN-00914,channel=chat,refund-v1,0.001,0.5,no,no
2026-08-07T11:59:34Z,SYN-00917,channel=email,refund-v1,0.001,0.5,no,no
2026-08-07T12:06:36Z,SYN-01245,channel=chat,refund-v1,0.047,0.5,no,yes
2026-08-07T13:07:34Z,SYN-02345,channel=email,refund-v1,0.993,0.5,yes,yes
2026-08-07T13:30:17Z,SYN-01453,channel=email,refund-v1,0.792,0.5,yes,yes
2026-08-07T14:59:58Z,SYN-02044,channel=email,refund-v1,0.637,0.5,yes,yes
2026-08-07T15:17:30Z,SYN-01797,channel=chat,refund-v1,0.023,0.5,no,no
2026-08-07T15:24:52Z,SYN-00981,channel=email,refund-v1,0.517,0.5,yes,yes
2026-08-07T16:20:25Z,SYN-01806,channel=phone,refund-v1,0.058,0.5,no,yes
2026-08-07T16:35:22Z,SYN-01954,channel=email,refund-v1,0.995,0.5,yes,yes
2026-08-07T16:36:41Z,SYN-00987,channel=chat,refund-v1,0.452,0.5,no,no
2026-08-07T17:06:01Z,SYN-02118,channel=email,refund-v1,0.017,0.5,no,no
2026-08-07T17:36:21Z,SYN-01374,channel=email,refund-v1,0.401,0.5,no,yes
2026-08-07T19:01:09Z,SYN-00611,channel=chat,refund-v1,0.990,0.5,yes,yes
2026-08-07T19:31:59Z,SYN-01143,channel=chat,refund-v1,0.121,0.5,no,no
2026-08-07T19:40:43Z,SYN-01824,channel=email,refund-v1,0.022,0.5,no,no
2026-08-07T20:24:48Z,SYN-00963,channel=email,refund-v1,0.715,0.5,yes,yes
2026-08-07T20:25:00Z,SYN-00296,channel=email,refund-v1,0.043,0.5,no,no
2026-08-07T21:03:48Z,SYN-01440,channel=email,refund-v1,0.082,0.5,no,no
2026-08-07T22:44:38Z,SYN-01948,channel=email,refund-v1,0.941,0.5,yes,no
2026-08-08T00:06:59Z,SYN-00491,channel=chat,refund-v1,0.030,0.5,no,no
2026-08-08T00:12:42Z,SYN-01984,channel=email,refund-v1,0.741,0.5,yes,yes
2026-08-08T00:35:02Z,SYN-01771,channel=chat,refund-v1,0.040,0.5,no,no
2026-08-08T00:39:30Z,SYN-00777,channel=chat,refund-v1,0.976,0.5,yes,yes
2026-08-08T00:58:26Z,SYN-02192,channel=chat,refund-v1,0.058,0.5,no,no
2026-08-08T01:35:42Z,SYN-01313,channel=email,refund-v1,0.963,0.5,yes,yes
2026-08-08T02:10:54Z,SYN-01474,channel=email,refund-v1,0.390,0.5,no,no
2026-08-08T03:21:20Z,SYN-01095,channel=email,refund-v1,0.750,0.5,yes,yes
2026-08-08T04:19:44Z,SYN-02272,channel=email,refund-v1,0.954,0.5,yes,yes
2026-08-08T05:07:37Z,SYN-00186,channel=email,refund-v1,0.855,0.5,yes,yes
2026-08-08T05:11:13Z,SYN-01333,channel=email,refund-v1,0.998,0.5,yes,yes
2026-08-08T05:18:26Z,SYN-02340,channel=email,refund-v1,0.034,0.5,no,no
2026-08-08T05:59:47Z,SYN-02034,channel=email,refund-v1,0.008,0.5,no,no
2026-08-08T06:37:18Z,SYN-00522,channel=email,refund-v1,0.992,0.5,yes,yes
2026-08-08T06:52:07Z,SYN-00184,channel=chat,refund-v1,0.003,0.5,no,no
2026-08-08T07:12:27Z,SYN-02005,channel=chat,refund-v1,0.005,0.5,no,no
2026-08-08T07:41:42Z,SYN-02331,channel=email,refund-v1,0.013,0.5,no,no
2026-08-08T08:02:47Z,SYN-00166,channel=chat,refund-v1,0.999,0.5,yes,yes
2026-08-08T08:09:57Z,SYN-02287,channel=email,refund-v1,0.257,0.5,no,no
2026-08-08T08:14:58Z,SYN-00188,channel=chat,refund-v1,0.001,0.5,no,no
2026-08-08T08:41:10Z,SYN-02168,channel=chat,refund-v1,0.943,0.5,yes,no
2026-08-08T08:42:51Z,SYN-00088,channel=chat,refund-v1,0.844,0.5,yes,yes
2026-08-08T08:47:17Z,SYN-00860,channel=chat,refund-v1,0.944,0.5,yes,yes
2026-08-08T11:13:13Z,SYN-01941,channel=chat,refund-v1,0.992,0.5,yes,yes
2026-08-08T11:32:33Z,SYN-02070,channel=chat,refund-v1,0.042,0.5,no,no
2026-08-08T12:18:13Z,SYN-01121,channel=chat,refund-v1,0.193,0.5,no,no
2026-08-08T12:32:21Z,SYN-00638,channel=email,refund-v1,0.805,0.5,yes,yes
2026-08-08T13:09:03Z,SYN-00199,channel=chat,refund-v1,0.163,0.5,no,no
2026-08-08T13:39:23Z,SYN-01246,channel=chat,refund-v1,0.029,0.5,no,no
2026-08-08T14:18:32Z,SYN-02149,channel=chat,refund-v1,0.999,0.5,yes,yes
2026-08-08T14:33:51Z,SYN-01120,channel=chat,refund-v1,0.009,0.5,no,no
2026-08-08T16:01:36Z,SYN-00176,channel=chat,refund-v1,0.014,0.5,no,no
2026-08-08T16:38:21Z,SYN-01903,channel=email,refund-v1,0.001,0.5,no,no
2026-08-08T17:12:28Z,SYN-01986,channel=chat,refund-v1,0.999,0.5,yes,yes
2026-08-08T18:15:52Z,SYN-01799,channel=chat,refund-v1,0.006,0.5,no,no
2026-08-08T18:27:44Z,SYN-01385,channel=chat,refund-v1,0.058,0.5,no,no
2026-08-08T19:45:33Z,SYN-01999,channel=chat,refund-v1,0.461,0.5,no,no
2026-08-08T20:04:51Z,SYN-01361,channel=chat,refund-v1,0.986,0.5,yes,yes
2026-08-08T20:06:26Z,SYN-00885,channel=email,refund-v1,0.083,0.5,no,no
2026-08-08T20:50:00Z,SYN-00407,channel=email,refund-v1,0.710,0.5,yes,yes
2026-08-08T23:29:54Z,SYN-00863,channel=email,refund-v1,0.022,0.5,no,no
2026-08-08T23:46:11Z,SYN-01589,channel=email,refund-v1,0.001,0.5,no,no
2026-08-09T00:05:00Z,SYN-02189,channel=email,refund-v1,0.003,0.5,no,no
2026-08-09T00:30:02Z,SYN-01277,channel=email,refund-v1,0.696,0.5,yes,yes
2026-08-09T00:42:18Z,SYN-00297,channel=chat,refund-v1,0.009,0.5,no,no
2026-08-09T01:35:17Z,SYN-00864,channel=email,refund-v1,0.925,0.5,yes,yes
2026-08-09T02:08:41Z,SYN-01593,channel=chat,refund-v1,0.291,0.5,no,no
2026-08-09T02:20:42Z,SYN-00650,channel=email,refund-v1,0.887,0.5,yes,yes
2026-08-09T02:33:12Z,SYN-02129,channel=email,refund-v1,0.071,0.5,no,no
2026-08-09T02:48:37Z,SYN-00807,channel=email,refund-v1,0.009,0.5,no,no
2026-08-09T03:27:47Z,SYN-01768,channel=email,refund-v1,0.920,0.5,yes,yes
2026-08-09T04:23:42Z,SYN-00619,channel=email,refund-v1,0.001,0.5,no,no
2026-08-09T04:44:34Z,SYN-01393,channel=email,refund-v1,0.003,0.5,no,no
2026-08-09T05:10:09Z,SYN-00818,channel=email,refund-v1,0.155,0.5,no,no
2026-08-09T05:31:48Z,SYN-01225,channel=email,refund-v1,0.980,0.5,yes,yes
2026-08-09T06:16:48Z,SYN-00094,channel=email,refund-v1,0.066,0.5,no,no
2026-08-09T06:25:12Z,SYN-00771,channel=email,refund-v1,0.756,0.5,yes,yes
2026-08-09T06:29:19Z,SYN-00248,channel=email,refund-v1,0.039,0.5,no,no
2026-08-09T07:29:24Z,SYN-01939,channel=chat,refund-v1,0.893,0.5,yes,yes
2026-08-09T07:41:15Z,SYN-00417,channel=chat,refund-v1,0.575,0.5,yes,yes
2026-08-09T08:11:03Z,SYN-01757,channel=email,refund-v1,0.953,0.5,yes,yes
2026-08-09T08:42:25Z,SYN-00217,channel=email,refund-v1,0.015,0.5,no,no
2026-08-09T08:49:02Z,SYN-01803,channel=email,refund-v1,0.189,0.5,no,no
2026-08-09T10:08:06Z,SYN-01044,channel=email,refund-v1,0.052,0.5,no,no
2026-08-09T10:50:48Z,SYN-00454,channel=email,refund-v1,0.046,0.5,no,no
2026-08-09T10:58:13Z,SYN-00907,channel=chat,refund-v1,0.988,0.5,yes,yes
2026-08-09T12:08:48Z,SYN-01967,channel=chat,refund-v1,0.854,0.5,yes,yes
2026-08-09T15:06:19Z,SYN-02180,channel=email,refund-v1,0.997,0.5,yes,yes
2026-08-09T15:16:29Z,SYN-00079,channel=email,refund-v1,0.006,0.5,no,no
2026-08-09T16:30:03Z,SYN-00344,channel=email,refund-v1,0.107,0.5,no,no
2026-08-09T16:50:16Z,SYN-02150,channel=chat,refund-v1,0.176,0.5,no,no
2026-08-09T16:51:20Z,SYN-02114,channel=phone,refund-v1,0.607,0.5,yes,no
2026-08-09T18:08:35Z,SYN-01994,channel=email,refund-v1,0.747,0.5,yes,yes
2026-08-09T18:19:58Z,SYN-01434,channel=email,refund-v1,0.026,0.5,no,no
2026-08-09T18:41:55Z,SYN-01829,channel=chat,refund-v1,0.189,0.5,no,no
2026-08-09T19:58:15Z,SYN-01688,channel=chat,refund-v1,0.987,0.5,yes,yes
2026-08-09T21:30:25Z,SYN-00373,channel=chat,refund-v1,0.191,0.5,no,no
2026-08-09T22:09:04Z,SYN-02300,channel=email,refund-v1,0.133,0.5,no,no
2026-08-09T22:21:49Z,SYN-01717,channel=email,refund-v1,0.007,0.5,no,no
2026-08-09T22:45:04Z,SYN-01073,channel=email,refund-v1,0.013,0.5,no,no
2026-08-09T23:04:35Z,SYN-00722,channel=chat,refund-v1,0.277,0.5,no,no
2026-08-09T23:38:24Z,SYN-01427,channel=email,refund-v1,0.738,0.5,yes,yes
2026-08-10T00:08:24Z,SYN-01477,channel=chat,refund-v1,0.008,0.5,no,no
2026-08-10T00:45:46Z,SYN-01554,channel=email,refund-v1,0.993,0.5,yes,yes
2026-08-10T00:49:46Z,SYN-00080,channel=chat,refund-v1,0.997,0.5,yes,yes
2026-08-10T01:23:33Z,SYN-01603,channel=email,refund-v1,0.023,0.5,no,no
2026-08-10T01:56:40Z,SYN-02235,channel=email,refund-v1,0.793,0.5,yes,yes
2026-08-10T02:36:06Z,SYN-02233,channel=chat,refund-v1,0.004,0.5,no,no
2026-08-10T02:57:04Z,SYN-00732,channel=email,refund-v1,0.999,0.5,yes,yes
2026-08-10T03:07:13Z,SYN-00556,channel=email,refund-v1,0.955,0.5,yes,yes
2026-08-10T05:59:24Z,SYN-00692,channel=phone,refund-v1,0.030,0.5,no,no
2026-08-10T06:06:34Z,SYN-01206,channel=email,refund-v1,0.033,0.5,no,no
2026-08-10T07:35:45Z,SYN-02093,channel=email,refund-v1,0.019,0.5,no,no
2026-08-10T07:51:00Z,SYN-01533,channel=chat,refund-v1,0.985,0.5,yes,yes
2026-08-10T07:53:44Z,SYN-01651,channel=email,refund-v1,0.002,0.5,no,no
2026-08-10T08:28:28Z,SYN-01964,channel=email,refund-v1,0.008,0.5,no,no
2026-08-10T08:54:48Z,SYN-01672,channel=email,refund-v1,0.032,0.5,no,no
2026-08-10T09:04:40Z,SYN-01882,channel=email,refund-v1,0.977,0.5,yes,yes
2026-08-10T09:30:53Z,SYN-02142,channel=email,refund-v1,0.915,0.5,yes,yes
2026-08-10T09:49:22Z,SYN-01512,channel=chat,refund-v1,0.076,0.5,no,no
2026-08-10T10:55:55Z,SYN-01996,channel=chat,refund-v1,0.997,0.5,yes,yes
2026-08-10T11:33:38Z,SYN-01042,channel=email,refund-v1,0.999,0.5,yes,yes
2026-08-10T12:57:09Z,SYN-01055,channel=email,refund-v1,0.001,0.5,no,no
2026-08-10T13:35:57Z,SYN-01587,channel=chat,refund-v1,0.808,0.5,yes,yes
2026-08-10T13:40:26Z,SYN-01942,channel=email,refund-v1,0.813,0.5,yes,yes
2026-08-10T13:57:18Z,SYN-01519,channel=email,refund-v1,0.994,0.5,yes,yes
2026-08-10T15:26:48Z,SYN-02164,channel=chat,refund-v1,0.029,0.5,no,no
2026-08-10T15:47:22Z,SYN-00078,channel=email,refund-v1,0.280,0.5,no,no
2026-08-10T15:53:21Z,SYN-01060,channel=email,refund-v1,0.445,0.5,no,no
2026-08-10T15:56:47Z,SYN-02394,channel=chat,refund-v1,0.996,0.5,yes,yes
2026-08-10T16:12:47Z,SYN-00180,channel=chat,refund-v1,0.965,0.5,yes,yes
2026-08-10T16:19:34Z,SYN-01358,channel=chat,refund-v1,0.981,0.5,yes,yes
2026-08-10T17:27:02Z,SYN-00027,channel=email,refund-v1,0.001,0.5,no,no
2026-08-10T19:02:21Z,SYN-01221,channel=phone,refund-v1,0.001,0.5,no,no
2026-08-10T19:08:53Z,SYN-01190,channel=email,refund-v1,0.072,0.5,no,no
2026-08-10T20:14:46Z,SYN-00964,channel=chat,refund-v1,0.006,0.5,no,no
2026-08-10T20:40:32Z,SYN-00386,channel=chat,refund-v1,0.007,0.5,no,no
2026-08-10T21:08:05Z,SYN-01454,channel=phone,refund-v1,0.011,0.5,no,no
2026-08-10T21:17:14Z,SYN-02210,channel=chat,refund-v1,0.990,0.5,yes,yes
2026-08-10T22:39:04Z,SYN-00676,channel=email,refund-v1,0.008,0.5,no,no
2026-08-10T23:44:00Z,SYN-02372,channel=email,refund-v1,0.884,0.5,yes,yes
2026-08-11T00:15:51Z,SYN-01805,channel=chat,refund-v1,0.001,0.5,no,no
2026-08-11T00:21:29Z,SYN-01501,channel=email,refund-v1,0.579,0.5,yes,yes
2026-08-11T00:43:10Z,SYN-01226,channel=email,refund-v1,0.379,0.5,no,no
2026-08-11T02:29:34Z,SYN-01341,channel=email,refund-v1,0.482,0.5,no,yes
2026-08-11T02:42:24Z,SYN-00133,channel=email,refund-v1,0.242,0.5,no,no
2026-08-11T02:44:12Z,SYN-00652,channel=chat,refund-v1,0.891,0.5,yes,yes
2026-08-11T02:48:10Z,SYN-00893,channel=email,refund-v1,0.978,0.5,yes,yes
2026-08-11T04:29:29Z,SYN-00418,channel=chat,refund-v1,0.312,0.5,no,yes
2026-08-11T04:31:58Z,SYN-01155,channel=email,refund-v1,0.999,0.5,yes,yes
2026-08-11T04:34:18Z,SYN-02181,channel=email,refund-v1,0.246,0.5,no,no
2026-08-11T04:51:58Z,SYN-02064,channel=chat,refund-v1,0.997,0.5,yes,yes
2026-08-11T05:03:29Z,SYN-01840,channel=email,refund-v1,0.874,0.5,yes,no
2026-08-11T05:55:37Z,SYN-01690,channel=chat,refund-v1,0.944,0.5,yes,yes
2026-08-11T06:22:28Z,SYN-00316,channel=email,refund-v1,0.627,0.5,yes,no
2026-08-11T06:51:45Z,SYN-01019,channel=email,refund-v1,0.119,0.5,no,yes
2026-08-11T08:03:07Z,SYN-01404,channel=email,refund-v1,0.993,0.5,yes,yes
2026-08-11T09:20:26Z,SYN-00897,channel=email,refund-v1,0.499,0.5,no,no
2026-08-11T09:44:16Z,SYN-00925,channel=email,refund-v1,0.278,0.5,no,no
2026-08-11T11:19:24Z,SYN-00249,channel=phone,refund-v1,0.004,0.5,no,no
2026-08-11T12:27:31Z,SYN-00609,channel=email,refund-v1,0.381,0.5,no,no
2026-08-11T12:34:06Z,SYN-01449,channel=chat,refund-v1,0.043,0.5,no,no
2026-08-11T12:58:46Z,SYN-01789,channel=chat,refund-v1,0.864,0.5,yes,no
2026-08-11T14:10:54Z,SYN-00584,channel=email,refund-v1,0.001,0.5,no,no
2026-08-11T15:58:06Z,SYN-00955,channel=email,refund-v1,0.212,0.5,no,no
2026-08-11T16:04:34Z,SYN-01908,channel=email,refund-v1,0.001,0.5,no,no
2026-08-11T17:32:32Z,SYN-01629,channel=email,refund-v1,0.001,0.5,no,no
2026-08-11T17:36:15Z,SYN-01854,channel=email,refund-v1,0.004,0.5,no,no
2026-08-11T17:43:27Z,SYN-02217,channel=email,refund-v1,0.020,0.5,no,no
2026-08-11T18:04:32Z,SYN-00047,channel=chat,refund-v1,0.020,0.5,no,no
2026-08-11T18:18:34Z,SYN-01960,channel=chat,refund-v1,0.224,0.5,no,yes
2026-08-11T18:20:36Z,SYN-00993,channel=email,refund-v1,0.160,0.5,no,yes
2026-08-11T18:23:21Z,SYN-01966,channel=phone,refund-v1,0.194,0.5,no,no
2026-08-11T18:58:33Z,SYN-00446,channel=email,refund-v1,0.016,0.5,no,no
2026-08-11T19:53:31Z,SYN-00657,channel=email,refund-v1,0.051,0.5,no,no
2026-08-11T19:57:00Z,SYN-00852,channel=email,refund-v1,0.979,0.5,yes,yes
2026-08-11T21:16:41Z,SYN-02229,channel=email,refund-v1,0.148,0.5,no,no
2026-08-11T21:29:40Z,SYN-00699,channel=email,refund-v1,0.113,0.5,no,no
2026-08-11T21:46:13Z,SYN-02159,channel=chat,refund-v1,0.019,0.5,no,no
2026-08-11T23:14:09Z,SYN-00669,channel=email,refund-v1,0.057,0.5,no,no
2026-08-12T01:46:48Z,SYN-01066,channel=chat,refund-v1,0.986,0.5,yes,yes
2026-08-12T02:27:16Z,SYN-01417,channel=email,refund-v1,0.986,0.5,yes,yes
2026-08-12T03:36:38Z,SYN-02343,channel=email,refund-v1,0.998,0.5,yes,yes
2026-08-12T04:59:52Z,SYN-01025,channel=chat,refund-v1,0.462,0.5,no,yes
2026-08-12T05:16:56Z,SYN-02215,channel=email,refund-v1,0.784,0.5,yes,yes
2026-08-12T05:20:33Z,SYN-01251,channel=email,refund-v1,0.931,0.5,yes,yes
2026-08-12T06:17:59Z,SYN-00482,channel=phone,refund-v1,0.042,0.5,no,no
2026-08-12T06:19:44Z,SYN-01012,channel=email,refund-v1,0.482,0.5,no,yes
2026-08-12T06:29:30Z,SYN-00172,channel=chat,refund-v1,0.480,0.5,no,no
2026-08-12T08:11:42Z,SYN-00822,channel=email,refund-v1,0.980,0.5,yes,yes
2026-08-12T08:19:16Z,SYN-01172,channel=email,refund-v1,0.008,0.5,no,no
2026-08-12T08:28:07Z,SYN-02398,channel=email,refund-v1,0.011,0.5,no,no
2026-08-12T08:41:40Z,SYN-01331,channel=email,refund-v1,0.050,0.5,no,no
2026-08-12T09:31:34Z,SYN-01998,channel=email,refund-v1,0.866,0.5,yes,yes
2026-08-12T10:34:04Z,SYN-01119,channel=chat,refund-v1,0.929,0.5,yes,yes
2026-08-12T11:08:53Z,SYN-02007,channel=email,refund-v1,0.015,0.5,no,no
2026-08-12T11:30:17Z,SYN-01298,channel=email,refund-v1,0.001,0.5,no,no
2026-08-12T11:42:59Z,SYN-00170,channel=chat,refund-v1,0.093,0.5,no,no
2026-08-12T12:14:20Z,SYN-01665,channel=chat,refund-v1,0.001,0.5,no,no
2026-08-12T12:43:03Z,SYN-01602,channel=email,refund-v1,0.998,0.5,yes,yes
2026-08-12T12:44:02Z,SYN-00422,channel=chat,refund-v1,0.019,0.5,no,no
2026-08-12T12:48:49Z,SYN-00429,channel=email,refund-v1,0.002,0.5,no,no
2026-08-12T13:53:00Z,SYN-01946,channel=email,refund-v1,0.014,0.5,no,no
2026-08-12T14:11:06Z,SYN-02128,channel=chat,refund-v1,0.990,0.5,yes,yes
2026-08-12T15:01:34Z,SYN-00303,channel=email,refund-v1,0.492,0.5,no,yes
2026-08-12T15:15:40Z,SYN-00715,channel=chat,refund-v1,0.067,0.5,no,no
2026-08-12T15:19:02Z,SYN-01224,channel=email,refund-v1,0.880,0.5,yes,no
2026-08-12T17:42:05Z,SYN-00859,channel=chat,refund-v1,0.121,0.5,no,no
2026-08-12T18:30:10Z,SYN-01597,channel=email,refund-v1,0.058,0.5,no,no
2026-08-12T19:48:16Z,SYN-02220,channel=email,refund-v1,0.040,0.5,no,no
2026-08-12T19:51:09Z,SYN-01585,channel=email,refund-v1,0.998,0.5,yes,yes
2026-08-12T21:43:24Z,SYN-00135,channel=chat,refund-v1,0.136,0.5,no,no
2026-08-12T22:37:12Z,SYN-01502,channel=email,refund-v1,0.986,0.5,yes,yes
2026-08-13T01:29:53Z,SYN-00942,channel=email,refund-v1,0.979,0.5,yes,yes
2026-08-13T02:27:11Z,SYN-00313,channel=chat,refund-v1,0.001,0.5,no,no
2026-08-13T02:29:14Z,SYN-01770,channel=email,refund-v1,0.988,0.5,yes,yes
2026-08-13T03:02:19Z,SYN-00413,channel=email,refund-v1,0.002,0.5,no,no
2026-08-13T04:39:41Z,SYN-00362,channel=chat,refund-v1,0.313,0.5,no,no
2026-08-13T06:18:11Z,SYN-01418,channel=email,refund-v1,0.976,0.5,yes,no
2026-08-13T08:20:02Z,SYN-01956,channel=chat,refund-v1,0.978,0.5,yes,yes
2026-08-13T10:26:19Z,SYN-02356,channel=email,refund-v1,0.019,0.5,no,no
2026-08-13T11:12:27Z,SYN-01517,channel=email,refund-v1,0.621,0.5,yes,no
2026-08-13T11:57:24Z,SYN-00687,channel=email,refund-v1,0.294,0.5,no,yes
2026-08-13T12:08:09Z,SYN-01022,channel=email,refund-v1,0.061,0.5,no,no
2026-08-13T12:28:15Z,SYN-00044,channel=email,refund-v1,0.129,0.5,no,no
2026-08-13T13:00:09Z,SYN-01232,channel=email,refund-v1,0.012,0.5,no,no
2026-08-13T13:59:47Z,SYN-00727,channel=phone,refund-v1,0.009,0.5,no,no
2026-08-13T15:11:40Z,SYN-01988,channel=chat,refund-v1,0.210,0.5,no,no
2026-08-13T15:38:14Z,SYN-01982,channel=email,refund-v1,0.999,0.5,yes,yes
2026-08-13T16:43:25Z,SYN-01979,channel=chat,refund-v1,0.782,0.5,yes,yes
2026-08-13T17:13:18Z,SYN-01144,channel=email,refund-v1,0.007,0.5,no,no
2026-08-13T18:00:16Z,SYN-00691,channel=email,refund-v1,0.033,0.5,no,yes
2026-08-13T18:00:49Z,SYN-00654,channel=chat,refund-v1,0.138,0.5,no,no
2026-08-13T18:43:39Z,SYN-01357,channel=chat,refund-v1,0.007,0.5,no,no
2026-08-13T18:54:18Z,SYN-00453,channel=chat,refund-v1,0.016,0.5,no,no
2026-08-13T19:08:40Z,SYN-01273,channel=email,refund-v1,0.941,0.5,yes,yes
2026-08-13T20:22:58Z,SYN-00227,channel=chat,refund-v1,0.381,0.5,no,no
2026-08-13T22:13:53Z,SYN-01302,channel=chat,refund-v1,0.767,0.5,yes,yes
2026-08-13T23:22:29Z,SYN-00926,channel=email,refund-v1,0.018,0.5,no,no
2026-08-14T01:14:01Z,SYN-00534,channel=email,refund-v1,0.002,0.5,no,no
2026-08-14T01:19:41Z,SYN-00187,channel=email,refund-v1,0.008,0.5,no,no
2026-08-14T01:49:13Z,SYN-00228,channel=email,refund-v1,0.996,0.5,yes,yes
2026-08-14T02:30:46Z,SYN-00364,channel=email,refund-v1,0.006,0.5,no,no
2026-08-14T02:46:24Z,SYN-01407,channel=email,refund-v1,0.007,0.5,no,no
2026-08-14T02:48:25Z,SYN-00662,channel=chat,refund-v1,0.021,0.5,no,no
2026-08-14T03:51:25Z,SYN-00923,channel=email,refund-v1,0.013,0.5,no,no
2026-08-14T03:52:47Z,SYN-01345,channel=email,refund-v1,0.942,0.5,yes,yes
2026-08-14T03:59:14Z,SYN-00581,channel=chat,refund-v1,0.001,0.5,no,no
2026-08-14T04:00:12Z,SYN-01607,channel=email,refund-v1,0.432,0.5,no,no
2026-08-14T04:21:56Z,SYN-00673,channel=phone,refund-v1,0.673,0.5,yes,yes
2026-08-14T05:01:15Z,SYN-01113,channel=chat,refund-v1,0.587,0.5,yes,yes
2026-08-14T05:19:44Z,SYN-00833,channel=email,refund-v1,0.001,0.5,no,no
2026-08-14T05:25:27Z,SYN-01648,channel=chat,refund-v1,0.997,0.5,yes,yes
2026-08-14T05:51:58Z,SYN-01729,channel=email,refund-v1,0.922,0.5,yes,yes
2026-08-14T06:50:21Z,SYN-01352,channel=chat,refund-v1,0.953,0.5,yes,yes
2026-08-14T07:50:04Z,SYN-00499,channel=email,refund-v1,0.024,0.5,no,no
2026-08-14T08:38:07Z,SYN-00598,channel=chat,refund-v1,0.031,0.5,no,no
2026-08-14T08:41:59Z,SYN-01906,channel=chat,refund-v1,0.023,0.5,no,no
2026-08-14T09:22:40Z,SYN-02123,channel=chat,refund-v1,0.023,0.5,no,no
2026-08-14T09:31:54Z,SYN-01542,channel=email,refund-v1,0.035,0.5,no,no
2026-08-14T09:33:12Z,SYN-01468,channel=email,refund-v1,0.001,0.5,no,no
2026-08-14T09:34:06Z,SYN-00626,channel=chat,refund-v1,0.055,0.5,no,no
2026-08-14T09:49:20Z,SYN-00012,channel=chat,refund-v1,0.998,0.5,yes,yes
2026-08-14T09:54:35Z,SYN-02148,channel=email,refund-v1,0.992,0.5,yes,yes
2026-08-14T10:15:38Z,SYN-01532,channel=email,refund-v1,0.019,0.5,no,no
2026-08-14T11:19:09Z,SYN-01383,channel=email,refund-v1,0.262,0.5,no,no
2026-08-14T12:13:29Z,SYN-00614,channel=email,refund-v1,0.078,0.5,no,no
2026-08-14T12:17:13Z,SYN-01832,channel=chat,refund-v1,0.320,0.5,no,no
2026-08-14T12:48:05Z,SYN-01101,channel=chat,refund-v1,0.317,0.5,no,yes
2026-08-14T13:49:16Z,SYN-01126,channel=phone,refund-v1,0.998,0.5,yes,yes
2026-08-14T14:37:52Z,SYN-02250,channel=chat,refund-v1,0.089,0.5,no,no
2026-08-14T15:40:20Z,SYN-00779,channel=chat,refund-v1,0.907,0.5,yes,yes
2026-08-14T15:41:01Z,SYN-00360,channel=chat,refund-v1,0.013,0.5,no,no
2026-08-14T16:15:35Z,SYN-00002,channel=chat,refund-v1,0.995,0.5,yes,yes
2026-08-14T16:29:50Z,SYN-02000,channel=email,refund-v1,0.979,0.5,yes,yes
2026-08-14T16:48:59Z,SYN-01255,channel=chat,refund-v1,0.735,0.5,yes,no
2026-08-14T18:38:16Z,SYN-00001,channel=email,refund-v1,0.101,0.5,no,no
2026-08-14T19:08:22Z,SYN-01301,channel=email,refund-v1,0.022,0.5,no,no
2026-08-14T21:21:23Z,SYN-01643,channel=email,refund-v1,0.844,0.5,yes,yes
2026-08-14T21:46:48Z,SYN-00989,channel=chat,refund-v1,0.055,0.5,no,no
2026-08-14T22:00:06Z,SYN-01176,channel=email,refund-v1,0.038,0.5,no,no
2026-08-14T22:47:05Z,SYN-01568,channel=email,refund-v1,0.002,0.5,no,no
2026-08-15T00:08:40Z,SYN-02204,channel=email,refund-v1,0.021,0.5,no,no
2026-08-15T00:24:49Z,SYN-00603,channel=email,refund-v1,0.002,0.5,no,no
2026-08-15T01:32:00Z,SYN-00253,channel=chat,refund-v1,0.185,0.5,no,no
2026-08-15T02:45:00Z,SYN-00290,channel=email,refund-v1,0.003,0.5,no,no
2026-08-15T03:06:01Z,SYN-00804,channel=email,refund-v1,0.011,0.5,no,no
2026-08-15T03:38:04Z,SYN-01078,channel=chat,refund-v1,0.988,0.5,yes,yes
2026-08-15T04:43:52Z,SYN-01991,channel=phone,refund-v1,0.012,0.5,no,no
2026-08-15T05:04:32Z,SYN-02256,channel=email,refund-v1,0.005,0.5,no,no
2026-08-15T05:23:15Z,SYN-00190,channel=email,refund-v1,0.829,0.5,yes,yes
2026-08-15T06:04:55Z,SYN-01708,channel=phone,refund-v1,0.046,0.5,no,no
2026-08-15T08:08:18Z,SYN-00705,channel=chat,refund-v1,0.999,0.5,yes,yes
2026-08-15T08:14:22Z,SYN-00736,channel=email,refund-v1,0.999,0.5,yes,yes
2026-08-15T08:24:14Z,SYN-00847,channel=phone,refund-v1,0.027,0.5,no,no
2026-08-15T08:41:08Z,SYN-01310,channel=chat,refund-v1,0.994,0.5,yes,yes
2026-08-15T09:17:46Z,SYN-01253,channel=email,refund-v1,0.946,0.5,yes,yes
2026-08-15T09:35:11Z,SYN-01216,channel=email,refund-v1,0.079,0.5,no,no
2026-08-15T09:57:45Z,SYN-00553,channel=chat,refund-v1,0.340,0.5,no,no
2026-08-15T10:20:55Z,SYN-01471,channel=chat,refund-v1,0.022,0.5,no,no
2026-08-15T10:35:08Z,SYN-00671,channel=email,refund-v1,0.203,0.5,no,no
2026-08-15T10:40:19Z,SYN-01871,channel=chat,refund-v1,0.911,0.5,yes,yes
2026-08-15T11:13:27Z,SYN-00832,channel=chat,refund-v1,0.040,0.5,no,no
2026-08-15T11:35:47Z,SYN-00564,channel=email,refund-v1,0.840,0.5,yes,yes
2026-08-15T11:49:25Z,SYN-01198,channel=email,refund-v1,0.929,0.5,yes,yes
2026-08-15T12:06:54Z,SYN-00194,channel=email,refund-v1,0.008,0.5,no,no
2026-08-15T12:49:24Z,SYN-01450,channel=email,refund-v1,0.052,0.5,no,no
2026-08-15T13:14:34Z,SYN-01264,channel=chat,refund-v1,0.983,0.5,yes,yes
2026-08-15T14:16:05Z,SYN-01497,channel=email,refund-v1,0.053,0.5,no,no
2026-08-15T15:58:49Z,SYN-01851,channel=email,refund-v1,0.230,0.5,no,no
2026-08-15T16:12:24Z,SYN-01520,channel=email,refund-v1,0.003,0.5,no,no
2026-08-15T16:26:53Z,SYN-01754,channel=email,refund-v1,0.002,0.5,no,no
2026-08-15T16:39:19Z,SYN-00941,channel=chat,refund-v1,0.930,0.5,yes,yes
2026-08-15T18:10:42Z,SYN-01769,channel=email,refund-v1,0.948,0.5,yes,yes
2026-08-15T18:30:29Z,SYN-01655,channel=phone,refund-v1,0.005,0.5,no,no
2026-08-15T18:45:53Z,SYN-02171,channel=chat,refund-v1,0.897,0.5,yes,no
2026-08-15T18:51:29Z,SYN-00901,channel=email,refund-v1,0.009,0.5,no,no
2026-08-15T19:46:04Z,SYN-00085,channel=email,refund-v1,0.017,0.5,no,no
2026-08-15T20:04:43Z,SYN-00319,channel=chat,refund-v1,0.991,0.5,yes,yes
2026-08-15T20:31:29Z,SYN-00306,channel=email,refund-v1,0.001,0.5,no,no
2026-08-15T23:37:16Z,SYN-01680,channel=email,refund-v1,0.001,0.5,no,no
2026-08-15T23:44:41Z,SYN-02280,channel=email,refund-v1,0.183,0.5,no,no
2026-08-16T01:23:44Z,SYN-01792,channel=chat,refund-v1,0.955,0.5,yes,yes
2026-08-16T01:55:29Z,SYN-01466,channel=email,refund-v1,0.012,0.5,no,yes
2026-08-16T02:06:06Z,SYN-00147,channel=email,refund-v1,0.001,0.5,no,no
2026-08-16T02:50:35Z,SYN-01457,channel=email,refund-v1,0.003,0.5,no,no
2026-08-16T03:15:46Z,SYN-00790,channel=email,refund-v1,0.992,0.5,yes,yes
2026-08-16T03:31:38Z,SYN-02325,channel=chat,refund-v1,0.111,0.5,no,no
2026-08-16T04:38:22Z,SYN-00878,channel=email,refund-v1,0.698,0.5,yes,yes
2026-08-16T04:49:32Z,SYN-00234,channel=email,refund-v1,0.996,0.5,yes,yes
2026-08-16T05:28:30Z,SYN-01750,channel=email,refund-v1,0.029,0.5,no,no
2026-08-16T07:14:49Z,SYN-00789,channel=chat,refund-v1,0.017,0.5,no,no
2026-08-16T07:15:09Z,SYN-01976,channel=chat,refund-v1,0.687,0.5,yes,no
2026-08-16T07:22:13Z,SYN-01945,channel=email,refund-v1,0.037,0.5,no,no
2026-08-16T07:23:16Z,SYN-01874,channel=chat,refund-v1,0.112,0.5,no,no
2026-08-16T08:00:43Z,SYN-00294,channel=chat,refund-v1,0.787,0.5,yes,yes
2026-08-16T08:34:15Z,SYN-00162,channel=email,refund-v1,0.002,0.5,no,no
2026-08-16T10:57:24Z,SYN-00233,channel=email,refund-v1,0.646,0.5,yes,yes
2026-08-16T11:28:41Z,SYN-01068,channel=email,refund-v1,0.897,0.5,yes,yes
2026-08-16T12:32:42Z,SYN-01931,channel=email,refund-v1,0.997,0.5,yes,yes
2026-08-16T13:36:20Z,SYN-01747,channel=chat,refund-v1,0.999,0.5,yes,yes
2026-08-16T13:43:32Z,SYN-02067,channel=email,refund-v1,0.235,0.5,no,no
2026-08-16T14:08:28Z,SYN-00331,channel=email,refund-v1,0.040,0.5,no,no
2026-08-16T14:39:09Z,SYN-00282,channel=chat,refund-v1,0.006,0.5,no,no
2026-08-16T14:51:45Z,SYN-00339,channel=email,refund-v1,0.291,0.5,no,no
2026-08-16T15:05:11Z,SYN-00465,channel=email,refund-v1,0.723,0.5,yes,yes
2026-08-16T15:57:17Z,SYN-00951,channel=chat,refund-v1,0.785,0.5,yes,yes
2026-08-16T15:58:55Z,SYN-01151,channel=email,refund-v1,0.046,0.5,no,no
2026-08-16T18:35:18Z,SYN-02085,channel=chat,refund-v1,0.622,0.5,yes,yes
2026-08-16T19:24:21Z,SYN-01299,channel=chat,refund-v1,0.997,0.5,yes,yes
2026-08-16T20:11:18Z,SYN-01401,channel=email,refund-v1,0.995,0.5,yes,yes
2026-08-16T20:57:54Z,SYN-01110,channel=chat,refund-v1,0.035,0.5,no,no
2026-08-16T21:21:49Z,SYN-02369,channel=chat,refund-v1,0.071,0.5,no,no
2026-08-16T22:30:43Z,SYN-00510,channel=email,refund-v1,0.003,0.5,no,no
2026-08-16T22:51:38Z,SYN-00086,channel=email,refund-v1,0.010,0.5,no,no
2026-08-17T04:08:44Z,SYN-00126,channel=email,refund-v1,0.111,0.5,no,yes
2026-08-17T04:11:25Z,SYN-00122,channel=chat,refund-v1,0.725,0.5,yes,no
2026-08-17T04:20:29Z,SYN-00269,channel=chat,refund-v1,0.917,0.5,yes,yes
2026-08-17T05:07:44Z,SYN-00054,channel=email,refund-v1,0.059,0.5,no,no
2026-08-17T05:41:11Z,SYN-00431,channel=chat,refund-v1,0.996,0.5,yes,yes
2026-08-17T06:12:59Z,SYN-00725,channel=chat,refund-v1,0.183,0.5,no,no
2026-08-17T06:32:15Z,SYN-02055,channel=email,refund-v1,0.248,0.5,no,no
2026-08-17T06:51:06Z,SYN-01452,channel=chat,refund-v1,0.988,0.5,yes,yes
2026-08-17T06:54:37Z,SYN-00023,channel=chat,refund-v1,0.005,0.5,no,no
2026-08-17T08:12:25Z,SYN-01890,channel=email,refund-v1,0.018,0.5,no,no
2026-08-17T09:33:41Z,SYN-01067,channel=email,refund-v1,0.793,0.5,yes,yes
2026-08-17T10:27:58Z,SYN-02352,channel=chat,refund-v1,0.338,0.5,no,no
2026-08-17T10:44:25Z,SYN-01020,channel=email,refund-v1,0.981,0.5,yes,yes
2026-08-17T10:53:45Z,SYN-00222,channel=chat,refund-v1,0.762,0.5,yes,yes
2026-08-17T11:42:56Z,SYN-02012,channel=chat,refund-v1,0.999,0.5,yes,yes
2026-08-17T13:17:58Z,SYN-01080,channel=email,refund-v1,0.214,0.5,no,no
2026-08-17T13:22:55Z,SYN-01865,channel=email,refund-v1,0.999,0.5,yes,yes
2026-08-17T13:33:51Z,SYN-02236,channel=email,refund-v1,0.030,0.5,no,no
2026-08-17T13:35:13Z,SYN-00132,channel=email,refund-v1,0.785,0.5,yes,yes
2026-08-17T13:35:32Z,SYN-01812,channel=chat,refund-v1,0.002,0.5,no,no
2026-08-17T14:19:03Z,SYN-00787,channel=email,refund-v1,0.999,0.5,yes,yes
2026-08-17T15:20:38Z,SYN-00169,channel=email,refund-v1,0.786,0.5,yes,yes
2026-08-17T16:16:23Z,SYN-00216,channel=chat,refund-v1,0.521,0.5,yes,no
2026-08-17T17:43:06Z,SYN-00531,channel=email,refund-v1,0.008,0.5,no,no
2026-08-17T17:58:18Z,SYN-00295,channel=email,refund-v1,0.012,0.5,no,no
2026-08-17T18:01:19Z,SYN-00328,channel=chat,refund-v1,0.325,0.5,no,no
2026-08-17T18:14:45Z,SYN-01721,channel=chat,refund-v1,0.139,0.5,no,no
2026-08-17T19:08:09Z,SYN-00255,channel=chat,refund-v1,0.955,0.5,yes,yes
2026-08-17T19:49:25Z,SYN-01802,channel=email,refund-v1,0.729,0.5,yes,no
2026-08-17T21:08:15Z,SYN-01389,channel=email,refund-v1,0.933,0.5,yes,yes
2026-08-17T21:11:18Z,SYN-01732,channel=chat,refund-v1,0.997,0.5,yes,yes
2026-08-17T21:46:07Z,SYN-00709,channel=chat,refund-v1,0.947,0.5,yes,yes
2026-08-17T23:01:45Z,SYN-00280,channel=chat,refund-v1,0.353,0.5,no,no
2026-08-17T23:57:22Z,SYN-00785,channel=chat,refund-v1,0.996,0.5,yes,yes
2026-08-18T00:51:23Z,SYN-00287,channel=chat,refund-v1,0.985,0.5,yes,yes
2026-08-18T02:23:23Z,SYN-02313,channel=chat,refund-v1,0.964,0.5,yes,yes
2026-08-18T03:09:14Z,SYN-02232,channel=email,refund-v1,0.001,0.5,no,no
2026-08-18T03:51:31Z,SYN-01267,channel=email,refund-v1,0.024,0.5,no,no
2026-08-18T03:55:46Z,SYN-01838,channel=chat,refund-v1,0.359,0.5,no,no
2026-08-18T04:15:22Z,SYN-00601,channel=chat,refund-v1,0.030,0.5,no,no
2026-08-18T04:45:45Z,SYN-01387,channel=email,refund-v1,0.197,0.5,no,no
2026-08-18T04:50:56Z,SYN-01205,channel=email,refund-v1,0.007,0.5,no,no
2026-08-18T05:42:20Z,SYN-01571,channel=chat,refund-v1,0.071,0.5,no,no
2026-08-18T06:52:03Z,SYN-00323,channel=email,refund-v1,0.001,0.5,no,no
2026-08-18T07:22:23Z,SYN-00245,channel=email,refund-v1,0.002,0.5,no,no
2026-08-18T07:34:24Z,SYN-01702,channel=chat,refund-v1,0.872,0.5,yes,yes
2026-08-18T07:42:01Z,SYN-00815,channel=email,refund-v1,0.999,0.5,yes,yes
2026-08-18T07:59:18Z,SYN-00450,channel=email,refund-v1,0.925,0.5,yes,no
2026-08-18T08:30:37Z,SYN-00991,channel=chat,refund-v1,0.019,0.5,no,no
2026-08-18T09:50:05Z,SYN-00406,channel=email,refund-v1,0.006,0.5,no,no
2026-08-18T10:21:52Z,SYN-00992,channel=email,refund-v1,0.999,0.5,yes,yes
2026-08-18T10:44:33Z,SYN-01168,channel=chat,refund-v1,0.543,0.5,yes,no
2026-08-18T11:08:23Z,SYN-01340,channel=email,refund-v1,0.006,0.5,no,no
2026-08-18T12:31:30Z,SYN-00363,channel=email,refund-v1,0.968,0.5,yes,yes
2026-08-18T12:44:00Z,SYN-01640,channel=email,refund-v1,0.947,0.5,yes,yes
2026-08-18T13:51:44Z,SYN-02213,channel=email,refund-v1,0.012,0.5,no,no
2026-08-18T14:26:38Z,SYN-00310,channel=chat,refund-v1,0.140,0.5,no,no
2026-08-18T14:54:12Z,SYN-01033,channel=email,refund-v1,0.970,0.5,yes,yes
2026-08-18T15:01:45Z,SYN-01135,channel=email,refund-v1,0.026,0.5,no,no
2026-08-18T16:21:10Z,SYN-01380,channel=email,refund-v1,0.468,0.5,no,no
2026-08-18T16:21:22Z,SYN-01523,channel=phone,refund-v1,0.984,0.5,yes,yes
2026-08-18T18:10:49Z,SYN-01233,channel=email,refund-v1,0.009,0.5,no,no
2026-08-18T18:28:32Z,SYN-00304,channel=email,refund-v1,0.023,0.5,no,no
2026-08-18T18:40:22Z,SYN-01898,channel=chat,refund-v1,0.966,0.5,yes,yes
2026-08-18T19:42:15Z,SYN-00521,channel=phone,refund-v1,0.687,0.5,yes,yes
2026-08-18T19:46:41Z,SYN-02003,channel=chat,refund-v1,0.996,0.5,yes,yes
2026-08-18T20:26:09Z,SYN-00546,channel=phone,refund-v1,0.999,0.5,yes,yes
2026-08-18T21:38:15Z,SYN-02286,channel=chat,refund-v1,0.926,0.5,yes,yes
2026-08-18T21:43:00Z,SYN-00026,channel=email,refund-v1,0.935,0.5,yes,no
2026-08-18T22:07:02Z,SYN-01524,channel=email,refund-v1,0.006,0.5,no,no
2026-08-18T22:48:31Z,SYN-00968,channel=chat,refund-v1,0.636,0.5,yes,no
2026-08-18T23:24:14Z,SYN-01189,channel=email,refund-v1,0.002,0.5,no,no
2026-08-19T00:27:43Z,SYN-00371,channel=email,refund-v1,0.726,0.5,yes,yes
2026-08-19T00:42:42Z,SYN-02084,channel=email,refund-v1,0.982,0.5,yes,yes
2026-08-19T01:50:35Z,SYN-01459,channel=email,refund-v1,0.997,0.5,yes,yes
2026-08-19T02:06:45Z,SYN-02027,channel=email,refund-v1,0.011,0.5,no,no
2026-08-19T03:08:50Z,SYN-00131,channel=email,refund-v1,0.964,0.5,yes,yes
2026-08-19T03:16:13Z,SYN-01869,channel=email,refund-v1,0.266,0.5,no,no
2026-08-19T03:32:41Z,SYN-02341,channel=chat,refund-v1,0.009,0.5,no,no
2026-08-19T04:18:29Z,SYN-01167,channel=email,refund-v1,0.001,0.5,no,no
2026-08-19T04:26:51Z,SYN-01398,channel=chat,refund-v1,0.988,0.5,yes,yes
2026-08-19T04:54:51Z,SYN-02066,channel=phone,refund-v1,0.030,0.5,no,no
2026-08-19T06:49:14Z,SYN-00511,channel=chat,refund-v1,0.972,0.5,yes,yes
2026-08-19T06:59:51Z,SYN-02162,channel=chat,refund-v1,0.999,0.5,yes,yes
2026-08-19T07:03:30Z,SYN-02304,channel=email,refund-v1,0.957,0.5,yes,yes
2026-08-19T07:16:52Z,SYN-00597,channel=email,refund-v1,0.924,0.5,yes,yes
2026-08-19T07:47:39Z,SYN-00049,channel=email,refund-v1,0.995,0.5,yes,yes
2026-08-19T07:49:09Z,SYN-01852,channel=email,refund-v1,0.529,0.5,yes,yes
2026-08-19T08:12:55Z,SYN-01130,channel=chat,refund-v1,0.051,0.5,no,no
2026-08-19T08:31:30Z,SYN-00621,channel=email,refund-v1,0.001,0.5,no,no
2026-08-19T09:10:56Z,SYN-01426,channel=chat,refund-v1,0.973,0.5,yes,yes
2026-08-19T09:16:47Z,SYN-01175,channel=email,refund-v1,0.001,0.5,no,no
2026-08-19T13:08:49Z,SYN-00268,channel=chat,refund-v1,0.073,0.5,no,no
2026-08-19T13:11:57Z,SYN-01713,channel=email,refund-v1,0.056,0.5,no,no
2026-08-19T13:16:39Z,SYN-00332,channel=email,refund-v1,0.017,0.5,no,no
2026-08-19T13:23:53Z,SYN-01918,channel=chat,refund-v1,0.025,0.5,no,no
2026-08-19T13:43:57Z,SYN-00286,channel=email,refund-v1,0.003,0.5,no,no
2026-08-19T14:18:11Z,SYN-02342,channel=email,refund-v1,0.003,0.5,no,no
2026-08-19T14:30:27Z,SYN-02206,channel=email,refund-v1,0.005,0.5,no,no
2026-08-19T14:44:53Z,SYN-01961,channel=email,refund-v1,0.010,0.5,no,no
2026-08-19T14:48:16Z,SYN-01451,channel=chat,refund-v1,0.004,0.5,no,no
2026-08-19T14:59:17Z,SYN-01215,channel=email,refund-v1,0.248,0.5,no,no
2026-08-19T15:18:17Z,SYN-00229,channel=email,refund-v1,0.044,0.5,no,yes
2026-08-19T15:57:48Z,SYN-01318,channel=email,refund-v1,0.072,0.5,no,no
2026-08-19T16:42:49Z,SYN-01284,channel=email,refund-v1,0.856,0.5,yes,yes
2026-08-19T16:53:32Z,SYN-00291,channel=email,refund-v1,0.986,0.5,yes,yes
2026-08-19T18:11:24Z,SYN-01888,channel=chat,refund-v1,0.767,0.5,yes,yes
2026-08-19T19:00:16Z,SYN-00476,channel=email,refund-v1,0.031,0.5,no,no
2026-08-19T19:27:15Z,SYN-01413,channel=email,refund-v1,0.003,0.5,no,no
2026-08-19T20:16:13Z,SYN-00936,channel=email,refund-v1,0.997,0.5,yes,yes
2026-08-19T20:30:48Z,SYN-02203,channel=chat,refund-v1,0.041,0.5,no,no
2026-08-19T21:17:12Z,SYN-00523,channel=email,refund-v1,0.996,0.5,yes,yes
2026-08-19T21:20:39Z,SYN-01160,channel=email,refund-v1,0.046,0.5,no,no
2026-08-19T21:28:05Z,SYN-01953,channel=chat,refund-v1,0.999,0.5,yes,yes
2026-08-19T22:12:08Z,SYN-00127,channel=email,refund-v1,0.020,0.5,no,no
2026-08-19T22:34:26Z,SYN-00848,channel=email,refund-v1,0.098,0.5,no,no
2026-08-19T23:34:35Z,SYN-02383,channel=email,refund-v1,0.964,0.5,yes,yes
2026-08-20T01:14:04Z,SYN-02208,channel=email,refund-v1,0.984,0.5,yes,yes
2026-08-20T03:00:20Z,SYN-00959,channel=chat,refund-v1,0.940,0.5,yes,yes
2026-08-20T04:33:28Z,SYN-00786,channel=email,refund-v1,0.017,0.5,no,no
2026-08-20T04:39:29Z,SYN-00500,channel=email,refund-v1,0.008,0.5,no,no
2026-08-20T06:00:23Z,SYN-01132,channel=chat,refund-v1,0.958,0.5,yes,yes
2026-08-20T06:14:22Z,SYN-00658,channel=email,refund-v1,0.993,0.5,yes,yes
2026-08-20T06:43:55Z,SYN-02157,channel=email,refund-v1,0.417,0.5,no,yes
2026-08-20T07:26:52Z,SYN-00961,channel=email,refund-v1,0.997,0.5,yes,yes
2026-08-20T08:16:35Z,SYN-01083,channel=email,refund-v1,0.985,0.5,yes,yes
2026-08-20T08:54:00Z,SYN-00617,channel=email,refund-v1,0.005,0.5,no,no
2026-08-20T08:59:49Z,SYN-01625,channel=chat,refund-v1,0.445,0.5,no,no
2026-08-20T09:12:23Z,SYN-00436,channel=email,refund-v1,0.968,0.5,yes,yes
2026-08-20T10:24:41Z,SYN-00615,channel=email,refund-v1,0.121,0.5,no,yes
2026-08-20T10:25:50Z,SYN-00368,channel=email,refund-v1,0.856,0.5,yes,yes
2026-08-20T11:37:18Z,SYN-01743,channel=email,refund-v1,0.401,0.5,no,no
2026-08-20T12:19:08Z,SYN-00973,channel=chat,refund-v1,0.125,0.5,no,no
2026-08-20T12:29:46Z,SYN-00704,channel=email,refund-v1,0.519,0.5,yes,no
2026-08-20T13:38:05Z,SYN-01925,channel=chat,refund-v1,0.051,0.5,no,no
2026-08-20T13:56:43Z,SYN-02200,channel=email,refund-v1,0.022,0.5,no,no
2026-08-20T14:15:32Z,SYN-00577,channel=chat,refund-v1,0.011,0.5,no,no
2026-08-20T15:08:50Z,SYN-00357,channel=chat,refund-v1,0.963,0.5,yes,yes
2026-08-20T15:27:12Z,SYN-00256,channel=email,refund-v1,0.004,0.5,no,no
2026-08-20T16:09:19Z,SYN-01819,channel=phone,refund-v1,0.922,0.5,yes,yes
2026-08-20T16:30:57Z,SYN-01560,channel=chat,refund-v1,0.578,0.5,yes,no
2026-08-20T17:01:54Z,SYN-02057,channel=email,refund-v1,0.793,0.5,yes,yes
2026-08-20T17:08:15Z,SYN-01858,channel=chat,refund-v1,0.011,0.5,no,no
2026-08-20T17:19:03Z,SYN-02346,channel=chat,refund-v1,0.999,0.5,yes,yes
2026-08-20T17:39:32Z,SYN-01930,channel=chat,refund-v1,0.997,0.5,yes,yes
2026-08-20T20:06:53Z,SYN-01992,channel=chat,refund-v1,0.294,0.5,no,no
2026-08-20T20:39:41Z,SYN-01456,channel=email,refund-v1,0.721,0.5,yes,yes
2026-08-20T20:46:25Z,SYN-01014,channel=email,refund-v1,0.995,0.5,yes,yes
2026-08-20T21:50:12Z,SYN-00397,channel=chat,refund-v1,0.910,0.5,yes,yes
2026-08-20T22:22:58Z,SYN-01074,channel=email,refund-v1,0.018,0.5,no,no
2026-08-20T22:38:03Z,SYN-01618,channel=email,refund-v1,0.924,0.5,yes,yes
2026-08-21T00:50:15Z,SYN-01370,channel=chat,refund-v1,0.918,0.5,yes,yes
2026-08-21T01:24:32Z,SYN-02298,channel=email,refund-v1,0.089,0.5,no,no
2026-08-21T02:21:07Z,SYN-00753,channel=email,refund-v1,0.984,0.5,yes,yes
2026-08-21T03:11:39Z,SYN-00041,channel=email,refund-v1,0.925,0.5,yes,yes
2026-08-21T03:58:11Z,SYN-01719,channel=email,refund-v1,0.991,0.5,yes,yes
2026-08-21T05:08:20Z,SYN-00073,channel=email,refund-v1,0.002,0.5,no,no
2026-08-21T05:21:17Z,SYN-00873,channel=email,refund-v1,0.478,0.5,no,no
2026-08-21T05:37:04Z,SYN-01058,channel=chat,refund-v1,0.119,0.5,no,no
2026-08-21T06:16:31Z,SYN-01396,channel=email,refund-v1,0.005,0.5,no,no
2026-08-21T06:55:11Z,SYN-01726,channel=chat,refund-v1,0.929,0.5,yes,no
2026-08-21T09:12:46Z,SYN-01943,channel=email,refund-v1,0.940,0.5,yes,yes
2026-08-21T09:23:10Z,SYN-02173,channel=email,refund-v1,0.972,0.5,yes,yes
2026-08-21T10:03:27Z,SYN-01269,channel=chat,refund-v1,0.011,0.5,no,no
2026-08-21T10:56:24Z,SYN-01180,channel=email,refund-v1,0.012,0.5,no,no
2026-08-21T11:14:33Z,SYN-01353,channel=email,refund-v1,0.999,0.5,yes,yes
2026-08-21T11:59:59Z,SYN-00463,channel=email,refund-v1,0.990,0.5,yes,yes
2026-08-21T13:19:57Z,SYN-01525,channel=email,refund-v1,0.754,0.5,yes,yes
2026-08-21T14:22:54Z,SYN-00754,channel=email,refund-v1,0.615,0.5,yes,yes
2026-08-21T15:10:46Z,SYN-02239,channel=email,refund-v1,0.006,0.5,no,no
2026-08-21T16:26:44Z,SYN-00274,channel=email,refund-v1,0.969,0.5,yes,yes
2026-08-21T17:27:49Z,SYN-00672,channel=chat,refund-v1,0.115,0.5,no,no
2026-08-21T17:36:17Z,SYN-01904,channel=email,refund-v1,0.001,0.5,no,no
2026-08-21T18:05:06Z,SYN-02013,channel=chat,refund-v1,0.027,0.5,no,no
2026-08-21T18:30:49Z,SYN-01037,channel=chat,refund-v1,0.993,0.5,yes,yes
2026-08-21T18:34:26Z,SYN-01763,channel=email,refund-v1,0.032,0.5,no,no
2026-08-21T19:07:34Z,SYN-01285,channel=chat,refund-v1,0.121,0.5,no,no
2026-08-21T19:20:10Z,SYN-00399,channel=chat,refund-v1,0.157,0.5,no,no
2026-08-21T19:46:36Z,SYN-00393,channel=email,refund-v1,0.030,0.5,no,no
2026-08-21T19:57:38Z,SYN-00164,channel=email,refund-v1,0.130,0.5,no,no
2026-08-21T20:12:18Z,SYN-00490,channel=email,refund-v1,0.992,0.5,yes,yes
2026-08-21T20:16:49Z,SYN-02065,channel=chat,refund-v1,0.982,0.5,yes,yes
2026-08-21T21:08:25Z,SYN-01706,channel=chat,refund-v1,0.271,0.5,no,no
2026-08-21T21:33:18Z,SYN-00572,channel=chat,refund-v1,0.988,0.5,yes,yes
2026-08-21T22:00:31Z,SYN-02191,channel=chat,refund-v1,0.485,0.5,no,no
2026-08-22T01:15:33Z,SYN-01862,channel=chat,refund-v1,0.063,0.5,no,no
2026-08-22T01:16:21Z,SYN-01949,channel=email,refund-v1,0.999,0.5,yes,yes
2026-08-22T01:42:52Z,SYN-01049,channel=email,refund-v1,0.173,0.5,no,no
2026-08-22T01:59:27Z,SYN-00214,channel=chat,refund-v1,0.006,0.5,no,no
2026-08-22T02:20:42Z,SYN-01443,channel=email,refund-v1,0.140,0.5,no,no
2026-08-22T02:38:13Z,SYN-00034,channel=chat,refund-v1,0.038,0.5,no,no
2026-08-22T02:45:39Z,SYN-01365,channel=email,refund-v1,0.025,0.5,no,no
2026-08-22T02:54:45Z,SYN-02281,channel=email,refund-v1,0.947,0.5,yes,yes
2026-08-22T02:55:38Z,SYN-01825,channel=email,refund-v1,0.869,0.5,yes,yes
2026-08-22T03:05:18Z,SYN-00099,channel=email,refund-v1,0.243,0.5,no,no
2026-08-22T04:01:41Z,SYN-02047,channel=email,refund-v1,0.008,0.5,no,yes
2026-08-22T04:02:57Z,SYN-01586,channel=email,refund-v1,0.825,0.5,yes,yes
2026-08-22T05:23:24Z,SYN-02353,channel=email,refund-v1,0.008,0.5,no,no
2026-08-22T05:31:04Z,SYN-00430,channel=email,refund-v1,0.006,0.5,no,no
2026-08-22T06:22:15Z,SYN-02074,channel=chat,refund-v1,0.137,0.5,no,no
2026-08-22T06:25:40Z,SYN-01583,channel=email,refund-v1,0.981,0.5,yes,yes
2026-08-22T07:30:27Z,SYN-01236,channel=email,refund-v1,0.051,0.5,no,no
2026-08-22T08:36:27Z,SYN-01469,channel=chat,refund-v1,0.104,0.5,no,no
2026-08-22T08:40:28Z,SYN-00461,channel=email,refund-v1,0.043,0.5,no,no
2026-08-22T11:03:38Z,SYN-01096,channel=chat,refund-v1,0.689,0.5,yes,no
2026-08-22T11:05:44Z,SYN-00215,channel=email,refund-v1,0.065,0.5,no,no
2026-08-22T11:33:58Z,SYN-02318,channel=email,refund-v1,0.984,0.5,yes,yes
2026-08-22T11:46:36Z,SYN-00916,channel=chat,refund-v1,0.003,0.5,no,no
2026-08-22T12:17:12Z,SYN-02247,channel=chat,refund-v1,0.802,0.5,yes,yes
2026-08-22T14:26:32Z,SYN-01868,channel=chat,refund-v1,0.013,0.5,no,no
2026-08-22T15:10:23Z,SYN-00656,channel=email,refund-v1,0.321,0.5,no,no
2026-08-22T15:50:30Z,SYN-00740,channel=chat,refund-v1,0.902,0.5,yes,no
2026-08-22T15:57:20Z,SYN-01059,channel=email,refund-v1,0.001,0.5,no,no
2026-08-22T16:24:52Z,SYN-01642,channel=email,refund-v1,0.055,0.5,no,no
2026-08-22T16:29:10Z,SYN-01307,channel=email,refund-v1,0.017,0.5,no,no
2026-08-22T16:53:15Z,SYN-02098,channel=email,refund-v1,0.957,0.5,yes,yes
2026-08-22T17:15:48Z,SYN-02073,channel=chat,refund-v1,0.999,0.5,yes,yes
2026-08-22T17:26:46Z,SYN-01203,channel=chat,refund-v1,0.055,0.5,no,no
2026-08-22T18:45:56Z,SYN-01462,channel=chat,refund-v1,0.108,0.5,no,no
2026-08-22T18:57:26Z,SYN-00213,channel=email,refund-v1,0.577,0.5,yes,no
2026-08-22T19:00:11Z,SYN-00031,channel=email,refund-v1,0.993,0.5,yes,yes
2026-08-22T19:33:01Z,SYN-00347,channel=email,refund-v1,0.031,0.5,no,no
2026-08-22T19:49:43Z,SYN-01700,channel=chat,refund-v1,0.998,0.5,yes,yes
2026-08-22T20:55:57Z,SYN-01128,channel=chat,refund-v1,0.001,0.5,no,no
2026-08-22T20:56:54Z,SYN-01714,channel=email,refund-v1,0.303,0.5,no,yes
2026-08-22T22:05:38Z,SYN-00624,channel=chat,refund-v1,0.778,0.5,yes,yes
2026-08-22T22:22:05Z,SYN-01105,channel=chat,refund-v1,0.895,0.5,yes,no
2026-08-22T22:32:33Z,SYN-01673,channel=email,refund-v1,0.333,0.5,no,no
2026-08-22T23:16:19Z,SYN-00494,channel=email,refund-v1,0.162,0.5,no,no
2026-08-22T23:46:35Z,SYN-01811,channel=email,refund-v1,0.004,0.5,no,no
2026-08-22T23:57:15Z,SYN-01997,channel=email,refund-v1,0.010,0.5,no,no
2026-08-23T00:01:26Z,SYN-02338,channel=email,refund-v1,0.139,0.5,no,no
2026-08-23T01:02:29Z,SYN-00956,channel=chat,refund-v1,0.649,0.5,yes,no
2026-08-23T02:02:59Z,SYN-00799,channel=email,refund-v1,0.005,0.5,no,no
2026-08-23T02:31:27Z,SYN-01905,channel=chat,refund-v1,0.441,0.5,no,no
2026-08-23T02:47:43Z,SYN-01065,channel=email,refund-v1,0.107,0.5,no,no
2026-08-23T03:18:09Z,SYN-01076,channel=email,refund-v1,0.115,0.5,no,yes
2026-08-23T04:09:28Z,SYN-01780,channel=chat,refund-v1,0.125,0.5,no,no
2026-08-23T04:18:46Z,SYN-01335,channel=email,refund-v1,0.242,0.5,no,no
2026-08-23T05:17:20Z,SYN-02317,channel=email,refund-v1,0.918,0.5,yes,yes
2026-08-23T05:33:04Z,SYN-01202,channel=email,refund-v1,0.005,0.5,no,no
2026-08-23T05:39:56Z,SYN-00335,channel=chat,refund-v1,0.996,0.5,yes,yes
2026-08-23T05:42:46Z,SYN-01548,channel=email,refund-v1,0.926,0.5,yes,yes
2026-08-23T06:29:49Z,SYN-01134,channel=email,refund-v1,0.001,0.5,no,no
2026-08-23T06:42:39Z,SYN-00700,channel=chat,refund-v1,0.981,0.5,yes,yes
2026-08-23T07:01:37Z,SYN-01633,channel=chat,refund-v1,0.999,0.5,yes,yes
2026-08-23T07:23:59Z,SYN-01317,channel=chat,refund-v1,0.002,0.5,no,no
2026-08-23T07:52:13Z,SYN-00441,channel=email,refund-v1,0.038,0.5,no,no
2026-08-23T08:11:27Z,SYN-01217,channel=email,refund-v1,0.488,0.5,no,yes
2026-08-23T08:56:54Z,SYN-01070,channel=chat,refund-v1,0.271,0.5,no,no
2026-08-23T09:24:11Z,SYN-00101,channel=chat,refund-v1,0.999,0.5,yes,yes
2026-08-23T09:47:38Z,SYN-01311,channel=email,refund-v1,0.165,0.5,no,no
2026-08-23T10:43:12Z,SYN-02106,channel=email,refund-v1,0.981,0.5,yes,yes
2026-08-23T11:40:06Z,SYN-00970,channel=email,refund-v1,0.771,0.5,yes,yes
2026-08-23T12:59:12Z,SYN-01263,channel=email,refund-v1,0.009,0.5,no,no
2026-08-23T13:10:26Z,SYN-00908,channel=chat,refund-v1,0.933,0.5,yes,yes
2026-08-23T13:24:50Z,SYN-01697,channel=email,refund-v1,0.997,0.5,yes,yes
2026-08-23T14:11:57Z,SYN-01616,channel=email,refund-v1,0.990,0.5,yes,yes
2026-08-23T14:35:00Z,SYN-01794,channel=email,refund-v1,0.041,0.5,no,yes
2026-08-23T15:12:50Z,SYN-00367,channel=chat,refund-v1,0.046,0.5,no,no
2026-08-23T15:20:35Z,SYN-00066,channel=email,refund-v1,0.712,0.5,yes,no
2026-08-23T15:32:49Z,SYN-00189,channel=email,refund-v1,0.991,0.5,yes,yes
2026-08-23T16:00:53Z,SYN-01470,channel=email,refund-v1,0.793,0.5,yes,yes
2026-08-23T16:01:17Z,SYN-00562,channel=email,refund-v1,0.986,0.5,yes,yes
2026-08-23T16:42:51Z,SYN-00152,channel=chat,refund-v1,0.999,0.5,yes,yes
2026-08-23T16:53:10Z,SYN-02091,channel=chat,refund-v1,0.999,0.5,yes,yes
2026-08-23T17:53:33Z,SYN-00712,channel=email,refund-v1,0.934,0.5,yes,yes
2026-08-23T18:56:52Z,SYN-00058,channel=email,refund-v1,0.270,0.5,no,no
2026-08-23T19:04:39Z,SYN-00757,channel=email,refund-v1,0.151,0.5,no,no
2026-08-23T21:14:01Z,SYN-01543,channel=chat,refund-v1,0.007,0.5,no,no
2026-08-23T21:19:58Z,SYN-02257,channel=chat,refund-v1,0.013,0.5,no,no
2026-08-23T22:38:56Z,SYN-02132,channel=email,refund-v1,0.240,0.5,no,no
2026-08-23T23:12:06Z,SYN-01694,channel=email,refund-v1,0.851,0.5,yes,yes
2026-08-23T23:41:31Z,SYN-00193,channel=email,refund-v1,0.032,0.5,no,no
2026-08-24T00:22:01Z,SYN-00341,channel=chat,refund-v1,0.211,0.5,no,no
2026-08-24T00:30:34Z,SYN-01669,channel=email,refund-v1,0.988,0.5,yes,yes
2026-08-24T02:12:07Z,SYN-01526,channel=email,refund-v1,0.029,0.5,no,no
2026-08-24T02:26:34Z,SYN-00607,channel=chat,refund-v1,0.999,0.5,yes,yes
2026-08-24T02:59:36Z,SYN-02186,channel=email,refund-v1,0.989,0.5,yes,yes
2026-08-24T03:39:11Z,SYN-00356,channel=chat,refund-v1,0.259,0.5,no,no
2026-08-24T03:44:13Z,SYN-00276,channel=chat,refund-v1,0.981,0.5,yes,yes
2026-08-24T04:16:25Z,SYN-00141,channel=chat,refund-v1,0.605,0.5,yes,no
2026-08-24T04:26:44Z,SYN-00279,channel=email,refund-v1,0.002,0.5,no,no
2026-08-24T04:29:21Z,SYN-00853,channel=chat,refund-v1,0.994,0.5,yes,yes
2026-08-24T04:57:18Z,SYN-01125,channel=chat,refund-v1,0.003,0.5,no,no
2026-08-24T05:05:07Z,SYN-01870,channel=chat,refund-v1,0.999,0.5,yes,yes
2026-08-24T05:19:33Z,SYN-01791,channel=chat,refund-v1,0.147,0.5,no,no
2026-08-24T05:31:40Z,SYN-01493,channel=email,refund-v1,0.013,0.5,no,no
2026-08-24T05:38:00Z,SYN-00123,channel=chat,refund-v1,0.658,0.5,yes,no
2026-08-24T06:01:27Z,SYN-00839,channel=chat,refund-v1,0.998,0.5,yes,yes
2026-08-24T06:16:49Z,SYN-00435,channel=email,refund-v1,0.939,0.5,yes,yes
2026-08-24T07:53:47Z,SYN-02046,channel=email,refund-v1,0.011,0.5,no,no
2026-08-24T08:00:29Z,SYN-02195,channel=chat,refund-v1,0.452,0.5,no,no
2026-08-24T08:23:07Z,SYN-00401,channel=email,refund-v1,0.013,0.5,no,no
2026-08-24T08:57:10Z,SYN-00387,channel=chat,refund-v1,0.051,0.5,no,no
2026-08-24T09:23:46Z,SYN-01077,channel=email,refund-v1,0.334,0.5,no,yes
2026-08-24T09:41:03Z,SYN-01605,channel=email,refund-v1,0.181,0.5,no,no
2026-08-24T10:01:10Z,SYN-02347,channel=email,refund-v1,0.807,0.5,yes,yes
2026-08-24T10:21:29Z,SYN-01798,channel=email,refund-v1,0.238,0.5,no,no
2026-08-24T10:25:17Z,SYN-02146,channel=email,refund-v1,0.007,0.5,no,no
2026-08-24T10:37:30Z,SYN-00975,channel=email,refund-v1,0.001,0.5,no,no
2026-08-24T11:23:36Z,SYN-01973,channel=chat,refund-v1,0.358,0.5,no,no
2026-08-24T12:12:24Z,SYN-01570,channel=chat,refund-v1,0.902,0.5,yes,yes
2026-08-24T12:30:49Z,SYN-00813,channel=chat,refund-v1,0.349,0.5,no,no
2026-08-24T12:57:01Z,SYN-01658,channel=chat,refund-v1,0.847,0.5,yes,no
2026-08-24T13:02:18Z,SYN-01510,channel=email,refund-v1,0.728,0.5,yes,yes
2026-08-24T13:13:40Z,SYN-00144,channel=email,refund-v1,0.077,0.5,no,no
2026-08-24T13:28:22Z,SYN-01828,channel=chat,refund-v1,0.005,0.5,no,no
2026-08-24T14:51:32Z,SYN-00758,channel=chat,refund-v1,0.996,0.5,yes,yes
2026-08-24T15:29:37Z,SYN-02130,channel=email,refund-v1,0.997,0.5,yes,yes
2026-08-24T15:47:30Z,SYN-01537,channel=email,refund-v1,0.310,0.5,no,no
2026-08-24T17:13:53Z,SYN-00036,channel=email,refund-v1,0.001,0.5,no,no
2026-08-24T17:29:36Z,SYN-01662,channel=chat,refund-v1,0.973,0.5,yes,yes
2026-08-24T17:55:56Z,SYN-01638,channel=chat,refund-v1,0.614,0.5,yes,no
2026-08-24T18:24:40Z,SYN-00091,channel=email,refund-v1,0.999,0.5,yes,yes
2026-08-24T18:32:12Z,SYN-01342,channel=email,refund-v1,0.289,0.5,no,no
2026-08-24T19:12:13Z,SYN-01153,channel=email,refund-v1,0.966,0.5,yes,yes
2026-08-24T19:37:22Z,SYN-02278,channel=email,refund-v1,0.171,0.5,no,no
2026-08-24T20:13:58Z,SYN-00326,channel=chat,refund-v1,0.264,0.5,no,no
2026-08-24T20:52:11Z,SYN-00877,channel=email,refund-v1,0.908,0.5,yes,yes
2026-08-24T20:53:00Z,SYN-00203,channel=chat,refund-v1,0.979,0.5,yes,yes
2026-08-24T21:05:28Z,SYN-01223,channel=email,refund-v1,0.744,0.5,yes,yes
2026-08-24T21:58:03Z,SYN-01731,channel=email,refund-v1,0.013,0.5,no,no
2026-08-24T22:02:38Z,SYN-00620,channel=email,refund-v1,0.561,0.5,yes,no
2026-08-24T22:14:03Z,SYN-02174,channel=chat,refund-v1,0.992,0.5,yes,yes
2026-08-24T22:37:40Z,SYN-02080,channel=email,refund-v1,0.987,0.5,yes,yes
2026-08-24T23:05:16Z,SYN-01148,channel=email,refund-v1,0.143,0.5,no,yes
2026-08-24T23:33:59Z,SYN-00665,channel=chat,refund-v1,0.286,0.5,no,no
2026-08-25T00:05:24Z,SYN-02309,channel=email,refund-v1,0.993,0.5,yes,yes
2026-08-25T00:27:11Z,SYN-00038,channel=email,refund-v1,0.090,0.5,no,yes
2026-08-25T01:39:08Z,SYN-02023,channel=chat,refund-v1,0.588,0.5,yes,yes
2026-08-25T04:06:45Z,SYN-00636,channel=chat,refund-v1,0.019,0.5,no,no
2026-08-25T05:07:43Z,SYN-02391,channel=email,refund-v1,0.030,0.5,no,no
2026-08-25T05:12:52Z,SYN-00043,channel=email,refund-v1,0.966,0.5,yes,yes
2026-08-25T05:36:30Z,SYN-02386,channel=email,refund-v1,0.003,0.5,no,no
2026-08-25T06:06:14Z,SYN-00158,channel=chat,refund-v1,0.853,0.5,yes,yes
2026-08-25T06:26:43Z,SYN-01325,channel=chat,refund-v1,0.781,0.5,yes,yes
2026-08-25T06:55:43Z,SYN-00774,channel=email,refund-v1,0.999,0.5,yes,yes
2026-08-25T07:22:47Z,SYN-02355,channel=email,refund-v1,0.982,0.5,yes,yes
2026-08-25T07:25:48Z,SYN-00966,channel=email,refund-v1,0.002,0.5,no,no
2026-08-25T07:42:48Z,SYN-01031,channel=chat,refund-v1,0.999,0.5,yes,yes
2026-08-25T09:16:43Z,SYN-01509,channel=chat,refund-v1,0.014,0.5,no,no
2026-08-25T09:23:50Z,SYN-01405,channel=email,refund-v1,0.028,0.5,no,no
2026-08-25T10:27:06Z,SYN-00468,channel=email,refund-v1,0.932,0.5,yes,no
2026-08-25T10:37:47Z,SYN-00308,channel=chat,refund-v1,0.999,0.5,yes,yes
2026-08-25T10:49:29Z,SYN-00288,channel=chat,refund-v1,0.160,0.5,no,no
2026-08-25T11:54:02Z,SYN-00305,channel=chat,refund-v1,0.701,0.5,yes,no
2026-08-25T12:00:56Z,SYN-00602,channel=chat,refund-v1,0.007,0.5,no,no
2026-08-25T12:36:08Z,SYN-02035,channel=email,refund-v1,0.038,0.5,no,no
2026-08-25T12:37:16Z,SYN-00760,channel=chat,refund-v1,0.794,0.5,yes,no
2026-08-25T12:42:45Z,SYN-02227,channel=email,refund-v1,0.992,0.5,yes,yes
2026-08-25T13:08:42Z,SYN-00994,channel=chat,refund-v1,0.222,0.5,no,no
2026-08-25T13:12:07Z,SYN-02061,channel=chat,refund-v1,0.427,0.5,no,yes
2026-08-25T13:54:30Z,SYN-01698,channel=email,refund-v1,0.995,0.5,yes,yes
2026-08-25T14:04:30Z,SYN-01109,channel=email,refund-v1,0.950,0.5,yes,yes
2026-08-25T14:12:30Z,SYN-00145,channel=email,refund-v1,0.001,0.5,no,no
2026-08-25T14:14:23Z,SYN-02303,channel=email,refund-v1,0.346,0.5,no,yes
2026-08-25T14:33:30Z,SYN-01392,channel=chat,refund-v1,0.010,0.5,no,no
2026-08-25T15:44:30Z,SYN-01293,channel=chat,refund-v1,0.985,0.5,yes,yes
2026-08-25T15:57:50Z,SYN-00851,channel=chat,refund-v1,0.007,0.5,no,no
2026-08-25T16:17:58Z,SYN-00414,channel=email,refund-v1,0.001,0.5,no,no
2026-08-25T16:23:26Z,SYN-00935,channel=chat,refund-v1,0.044,0.5,no,no
2026-08-25T16:34:11Z,SYN-00695,channel=email,refund-v1,0.052,0.5,no,no
2026-08-25T17:15:44Z,SYN-01522,channel=email,refund-v1,0.999,0.5,yes,yes
2026-08-25T17:27:48Z,SYN-00858,channel=email,refund-v1,0.005,0.5,no,no
2026-08-25T17:48:59Z,SYN-01867,channel=email,refund-v1,0.235,0.5,no,no
2026-08-25T19:26:30Z,SYN-00300,channel=email,refund-v1,0.002,0.5,no,no
2026-08-25T19:42:12Z,SYN-00345,channel=email,refund-v1,0.002,0.5,no,no
2026-08-25T20:08:18Z,SYN-01505,channel=email,refund-v1,0.969,0.5,yes,yes
2026-08-25T20:24:12Z,SYN-01935,channel=email,refund-v1,0.998,0.5,yes,yes
2026-08-25T20:49:55Z,SYN-00030,channel=email,refund-v1,0.991,0.5,yes,yes
2026-08-25T21:16:24Z,SYN-02138,channel=chat,refund-v1,0.982,0.5,yes,yes
2026-08-25T21:51:25Z,SYN-01645,channel=email,refund-v1,0.062,0.5,no,no
2026-08-25T22:02:32Z,SYN-02104,channel=email,refund-v1,0.975,0.5,yes,yes
2026-08-25T22:18:32Z,SYN-00366,channel=phone,refund-v1,0.001,0.5,no,no
2026-08-25T22:51:55Z,SYN-01419,channel=chat,refund-v1,0.635,0.5,yes,no
2026-08-25T23:26:06Z,SYN-02152,channel=email,refund-v1,0.803,0.5,yes,yes
2026-08-25T23:26:34Z,SYN-00342,channel=chat,refund-v1,0.013,0.5,no,no
2026-08-26T00:00:00Z,SYN-01816,channel=chat,refund-v1,0.802,0.5,yes,no
2026-08-26T00:02:09Z,SYN-01496,channel=chat,refund-v1,0.500,0.5,yes,no
2026-08-26T00:24:32Z,SYN-00752,channel=email,refund-v1,0.355,0.5,no,no
2026-08-26T00:36:53Z,SYN-00010,channel=email,refund-v1,0.986,0.5,yes,yes
2026-08-26T03:01:40Z,SYN-00270,channel=email,refund-v1,0.935,0.5,yes,yes
2026-08-26T03:02:29Z,SYN-00381,channel=chat,refund-v1,0.149,0.5,no,no
2026-08-26T03:03:03Z,SYN-00410,channel=email,refund-v1,0.017,0.5,no,no
2026-08-26T04:46:03Z,SYN-01744,channel=chat,refund-v1,0.999,0.5,yes,yes
2026-08-26T06:33:45Z,SYN-00940,channel=email,refund-v1,0.980,0.5,yes,yes
2026-08-26T07:17:01Z,SYN-01161,channel=email,refund-v1,0.012,0.5,no,no
2026-08-26T07:31:54Z,SYN-00949,channel=chat,refund-v1,0.001,0.5,no,no
2026-08-26T07:45:00Z,SYN-00016,channel=chat,refund-v1,0.647,0.5,yes,no
2026-08-26T08:36:03Z,SYN-00792,channel=chat,refund-v1,0.241,0.5,no,no
2026-08-26T08:48:16Z,SYN-00458,channel=chat,refund-v1,0.006,0.5,no,no
2026-08-26T09:15:22Z,SYN-00505,channel=chat,refund-v1,0.337,0.5,no,no
2026-08-26T09:17:12Z,SYN-01441,channel=email,refund-v1,0.249,0.5,no,no
2026-08-26T09:35:49Z,SYN-02275,channel=email,refund-v1,0.008,0.5,no,no
2026-08-26T09:53:31Z,SYN-01072,channel=email,refund-v1,0.975,0.5,yes,no
2026-08-26T12:37:30Z,SYN-01551,channel=chat,refund-v1,0.999,0.5,yes,yes
2026-08-26T13:04:18Z,SYN-01390,channel=chat,refund-v1,0.067,0.5,no,no
2026-08-26T13:15:48Z,SYN-00285,channel=email,refund-v1,0.015,0.5,no,no
2026-08-26T13:32:52Z,SYN-00616,channel=email,refund-v1,0.849,0.5,yes,yes
2026-08-26T13:57:57Z,SYN-01482,channel=email,refund-v1,0.003,0.5,no,no
2026-08-26T13:58:03Z,SYN-01764,channel=email,refund-v1,0.012,0.5,no,no
2026-08-26T14:32:45Z,SYN-00977,channel=chat,refund-v1,0.009,0.5,no,no
2026-08-26T15:23:16Z,SYN-01822,channel=email,refund-v1,0.022,0.5,no,no
2026-08-26T15:31:34Z,SYN-00096,channel=email,refund-v1,0.018,0.5,no,no
2026-08-26T15:36:13Z,SYN-01738,channel=email,refund-v1,0.290,0.5,no,no
2026-08-26T16:12:11Z,SYN-01411,channel=chat,refund-v1,0.017,0.5,no,no
2026-08-26T16:34:36Z,SYN-01375,channel=email,refund-v1,0.865,0.5,yes,yes
2026-08-26T17:15:08Z,SYN-00856,channel=email,refund-v1,0.001,0.5,no,no
2026-08-26T18:07:00Z,SYN-00107,channel=email,refund-v1,0.007,0.5,no,no
2026-08-26T18:12:02Z,SYN-00239,channel=chat,refund-v1,0.992,0.5,yes,yes
2026-08-26T18:47:34Z,SYN-00143,channel=chat,refund-v1,0.997,0.5,yes,yes
2026-08-26T18:50:04Z,SYN-01807,channel=chat,refund-v1,0.041,0.5,no,no
2026-08-26T20:07:45Z,SYN-00580,channel=chat,refund-v1,0.003,0.5,no,no
2026-08-26T21:06:33Z,SYN-02139,channel=chat,refund-v1,0.849,0.5,yes,yes
2026-08-26T21:32:29Z,SYN-02365,channel=email,refund-v1,0.021,0.5,no,no
2026-08-26T22:24:32Z,SYN-01650,channel=chat,refund-v1,0.231,0.5,no,no
2026-08-26T23:28:57Z,SYN-01704,channel=phone,refund-v1,0.115,0.5,no,no
2026-08-26T23:35:15Z,SYN-00596,channel=chat,refund-v1,0.284,0.5,no,no
2026-08-27T00:38:11Z,SYN-01678,channel=chat,refund-v1,0.919,0.5,yes,yes
2026-08-27T00:38:47Z,SYN-00090,channel=chat,refund-v1,0.003,0.5,no,no
2026-08-27T01:12:13Z,SYN-00207,channel=chat,refund-v1,0.907,0.5,yes,yes
2026-08-27T01:36:12Z,SYN-01219,channel=email,refund-v1,0.939,0.5,yes,yes
2026-08-27T01:50:13Z,SYN-00109,channel=email,refund-v1,0.004,0.5,no,no
2026-08-27T02:00:29Z,SYN-02299,channel=email,refund-v1,0.015,0.5,no,no
2026-08-27T04:08:52Z,SYN-01265,channel=chat,refund-v1,0.014,0.5,no,no
2026-08-27T04:22:03Z,SYN-01646,channel=chat,refund-v1,0.104,0.5,no,no
2026-08-27T04:48:43Z,SYN-00372,channel=email,refund-v1,0.005,0.5,no,no
2026-08-27T05:19:32Z,SYN-00365,channel=chat,refund-v1,0.996,0.5,yes,yes
2026-08-27T06:54:52Z,SYN-00053,channel=chat,refund-v1,0.015,0.5,no,no
2026-08-27T07:10:12Z,SYN-01367,channel=chat,refund-v1,0.337,0.5,no,no
2026-08-27T07:18:40Z,SYN-00460,channel=chat,refund-v1,0.339,0.5,no,yes
2026-08-27T07:42:50Z,SYN-02040,channel=email,refund-v1,0.902,0.5,yes,yes
2026-08-27T07:50:38Z,SYN-01521,channel=email,refund-v1,0.999,0.5,yes,yes
2026-08-27T09:04:05Z,SYN-00029,channel=chat,refund-v1,0.943,0.5,yes,yes
2026-08-27T09:08:09Z,SYN-01848,channel=email,refund-v1,0.012,0.5,no,no
2026-08-27T09:18:41Z,SYN-01053,channel=email,refund-v1,0.006,0.5,no,no
2026-08-27T12:14:45Z,SYN-01378,channel=email,refund-v1,0.001,0.5,no,no
2026-08-27T12:27:16Z,SYN-00165,channel=email,refund-v1,0.002,0.5,no,no
2026-08-27T12:30:45Z,SYN-01876,channel=email,refund-v1,0.001,0.5,no,no
2026-08-27T12:33:55Z,SYN-02241,channel=email,refund-v1,0.474,0.5,no,no
2026-08-27T14:11:52Z,SYN-00118,channel=chat,refund-v1,0.744,0.5,yes,yes
2026-08-27T14:21:45Z,SYN-00507,channel=email,refund-v1,0.002,0.5,no,no
2026-08-27T14:25:45Z,SYN-02258,channel=email,refund-v1,0.984,0.5,yes,yes
2026-08-27T15:28:37Z,SYN-01745,channel=email,refund-v1,0.001,0.5,no,no
2026-08-27T15:32:00Z,SYN-00542,channel=chat,refund-v1,0.090,0.5,no,no
2026-08-27T15:38:01Z,SYN-01580,channel=email,refund-v1,0.593,0.5,yes,no
2026-08-27T17:15:03Z,SYN-01808,channel=email,refund-v1,0.987,0.5,yes,yes
2026-08-27T18:06:55Z,SYN-00210,channel=email,refund-v1,0.001,0.5,no,no
2026-08-27T18:35:02Z,SYN-01085,channel=chat,refund-v1,0.023,0.5,no,no
2026-08-27T18:38:51Z,SYN-00811,channel=chat,refund-v1,0.991,0.5,yes,yes
2026-08-27T20:30:38Z,SYN-02198,channel=email,refund-v1,0.610,0.5,yes,yes
2026-08-27T20:37:48Z,SYN-01178,channel=email,refund-v1,0.013,0.5,no,no
2026-08-27T21:05:53Z,SYN-02094,channel=email,refund-v1,0.980,0.5,yes,yes
2026-08-27T21:35:13Z,SYN-00911,channel=email,refund-v1,0.455,0.5,no,yes
2026-08-27T22:01:54Z,SYN-02329,channel=email,refund-v1,0.976,0.5,yes,yes
2026-08-27T23:39:10Z,SYN-00528,channel=chat,refund-v1,0.024,0.5,no,no
2026-08-27T23:52:11Z,SYN-00737,channel=email,refund-v1,0.060,0.5,no,no
2026-08-28T00:09:52Z,SYN-02163,channel=email,refund-v1,0.932,0.5,yes,yes
2026-08-28T00:20:37Z,SYN-00336,channel=chat,refund-v1,0.999,0.5,yes,yes
2026-08-28T01:40:29Z,SYN-02327,channel=email,refund-v1,0.049,0.5,no,no
2026-08-28T02:37:31Z,SYN-02145,channel=chat,refund-v1,0.998,0.5,yes,yes
2026-08-28T03:09:23Z,SYN-01538,channel=email,refund-v1,0.014,0.5,no,no
2026-08-28T03:15:21Z,SYN-01430,channel=chat,refund-v1,0.132,0.5,no,yes
2026-08-28T03:39:18Z,SYN-01138,channel=chat,refund-v1,0.977,0.5,yes,yes
2026-08-28T03:43:19Z,SYN-01165,channel=email,refund-v1,0.004,0.5,no,no
2026-08-28T04:09:37Z,SYN-00919,channel=chat,refund-v1,0.186,0.5,no,no
2026-08-28T04:15:32Z,SYN-02140,channel=email,refund-v1,0.997,0.5,yes,yes
2026-08-28T04:21:54Z,SYN-01844,channel=chat,refund-v1,0.095,0.5,no,no
2026-08-28T04:56:38Z,SYN-00810,channel=email,refund-v1,0.998,0.5,yes,yes
2026-08-28T05:17:12Z,SYN-00550,channel=chat,refund-v1,0.644,0.5,yes,yes
2026-08-28T05:31:44Z,SYN-00317,channel=chat,refund-v1,0.641,0.5,yes,yes
2026-08-28T05:40:21Z,SYN-00383,channel=chat,refund-v1,0.129,0.5,no,no
2026-08-28T07:30:57Z,SYN-02029,channel=email,refund-v1,0.980,0.5,yes,yes
2026-08-28T08:01:34Z,SYN-00151,channel=email,refund-v1,0.274,0.5,no,no
2026-08-28T08:39:21Z,SYN-01420,channel=email,refund-v1,0.050,0.5,no,no
2026-08-28T08:39:42Z,SYN-01386,channel=email,refund-v1,0.004,0.5,no,no
2026-08-28T08:43:04Z,SYN-00887,channel=chat,refund-v1,0.021,0.5,no,no
2026-08-28T09:12:49Z,SYN-00903,channel=chat,refund-v1,0.990,0.5,yes,yes
2026-08-28T10:10:32Z,SYN-00644,channel=chat,refund-v1,0.005,0.5,no,no
2026-08-28T10:14:06Z,SYN-00892,channel=chat,refund-v1,0.079,0.5,no,yes
2026-08-28T11:15:48Z,SYN-02016,channel=email,refund-v1,0.031,0.5,no,no
2026-08-28T11:16:43Z,SYN-01671,channel=email,refund-v1,0.102,0.5,no,no
2026-08-28T11:34:04Z,SYN-00630,channel=email,refund-v1,0.894,0.5,yes,yes
2026-08-28T12:48:05Z,SYN-02211,channel=email,refund-v1,0.240,0.5,no,no
2026-08-28T13:11:20Z,SYN-01823,channel=email,refund-v1,0.008,0.5,no,no
2026-08-28T13:21:04Z,SYN-02010,channel=chat,refund-v1,0.995,0.5,yes,yes
2026-08-28T13:25:30Z,SYN-00875,channel=email,refund-v1,0.989,0.5,yes,yes
2026-08-28T14:35:11Z,SYN-01348,channel=chat,refund-v1,0.064,0.5,no,no
2026-08-28T16:52:01Z,SYN-02083,channel=email,refund-v1,0.015,0.5,no,no
2026-08-28T17:21:44Z,SYN-00398,channel=chat,refund-v1,0.032,0.5,no,no
2026-08-28T17:23:21Z,SYN-00120,channel=chat,refund-v1,0.159,0.5,no,no
2026-08-28T17:39:28Z,SYN-00913,channel=email,refund-v1,0.866,0.5,yes,yes
2026-08-28T17:48:13Z,SYN-00395,channel=chat,refund-v1,0.026,0.5,no,no
2026-08-28T17:50:08Z,SYN-02188,channel=email,refund-v1,0.954,0.5,yes,yes
2026-08-28T17:55:35Z,SYN-00685,channel=email,refund-v1,0.986,0.5,yes,yes
2026-08-28T18:04:33Z,SYN-02359,channel=email,refund-v1,0.999,0.5,yes,yes
2026-08-28T18:10:28Z,SYN-00483,channel=email,refund-v1,0.939,0.5,yes,yes
2026-08-28T18:27:12Z,SYN-01220,channel=email,refund-v1,0.035,0.5,no,no
2026-08-28T19:11:54Z,SYN-02155,channel=email,refund-v1,0.608,0.5,yes,no
2026-08-28T19:21:30Z,SYN-01670,channel=email,refund-v1,0.945,0.5,yes,yes
2026-08-28T20:12:47Z,SYN-00497,channel=chat,refund-v1,0.884,0.5,yes,yes
2026-08-28T20:51:49Z,SYN-01092,channel=email,refund-v1,0.129,0.5,no,no
2026-08-28T21:25:57Z,SYN-02081,channel=chat,refund-v1,0.043,0.5,no,no
2026-08-28T21:38:12Z,SYN-01479,channel=email,refund-v1,0.951,0.5,yes,yes
2026-08-28T21:55:14Z,SYN-00647,channel=chat,refund-v1,0.993,0.5,yes,yes
2026-08-28T22:14:38Z,SYN-01422,channel=email,refund-v1,0.824,0.5,yes,no
2026-08-28T23:14:44Z,SYN-00639,channel=email,refund-v1,0.003,0.5,no,no
2026-08-28T23:18:56Z,SYN-01885,channel=chat,refund-v1,0.636,0.5,yes,yes
2026-08-28T23:20:23Z,SYN-02267,channel=chat,refund-v1,0.895,0.5,yes,yes
2026-08-28T23:51:13Z,SYN-02271,channel=email,refund-v1,0.801,0.5,yes,no
2026-08-29T00:49:15Z,SYN-00551,channel=email,refund-v1,0.974,0.5,yes,yes
2026-08-29T01:32:27Z,SYN-01503,channel=email,refund-v1,0.778,0.5,yes,yes
2026-08-29T01:51:21Z,SYN-02285,channel=email,refund-v1,0.278,0.5,no,no
2026-08-29T01:59:17Z,SYN-01815,channel=email,refund-v1,0.989,0.5,yes,yes
2026-08-29T02:00:54Z,SYN-01985,channel=chat,refund-v1,0.001,0.5,no,no
2026-08-29T02:20:13Z,SYN-00370,channel=chat,refund-v1,0.630,0.5,yes,yes
2026-08-29T02:49:51Z,SYN-02041,channel=email,refund-v1,0.025,0.5,no,no
2026-08-29T03:04:51Z,SYN-00495,channel=chat,refund-v1,0.967,0.5,yes,yes
2026-08-29T03:52:28Z,SYN-00825,channel=email,refund-v1,0.985,0.5,yes,yes
2026-08-29T04:09:13Z,SYN-00843,channel=email,refund-v1,0.164,0.5,no,no
2026-08-29T04:16:12Z,SYN-01897,channel=phone,refund-v1,0.001,0.5,no,no
2026-08-29T04:28:26Z,SYN-01204,channel=chat,refund-v1,0.637,0.5,yes,yes
2026-08-29T04:30:29Z,SYN-02380,channel=chat,refund-v1,0.047,0.5,no,no
2026-08-29T04:44:13Z,SYN-01506,channel=chat,refund-v1,0.856,0.5,yes,yes
2026-08-29T04:50:18Z,SYN-01287,channel=chat,refund-v1,0.970,0.5,yes,yes
2026-08-29T04:56:07Z,SYN-00800,channel=chat,refund-v1,0.848,0.5,yes,no
2026-08-29T05:21:38Z,SYN-00865,channel=email,refund-v1,0.662,0.5,yes,no
2026-08-29T07:06:41Z,SYN-00006,channel=email,refund-v1,0.001,0.5,no,no
2026-08-29T07:34:28Z,SYN-00932,channel=email,refund-v1,0.041,0.5,no,no
2026-08-29T07:47:19Z,SYN-00962,channel=chat,refund-v1,0.005,0.5,no,no
2026-08-29T08:01:41Z,SYN-01041,channel=email,refund-v1,0.864,0.5,yes,yes
2026-08-29T09:13:09Z,SYN-01883,channel=email,refund-v1,0.987,0.5,yes,yes
2026-08-29T09:47:08Z,SYN-00770,channel=chat,refund-v1,0.658,0.5,yes,no
2026-08-29T09:53:38Z,SYN-00915,channel=email,refund-v1,0.408,0.5,no,no
2026-08-29T10:01:40Z,SYN-02218,channel=email,refund-v1,0.591,0.5,yes,yes
2026-08-29T11:05:13Z,SYN-01752,channel=chat,refund-v1,0.048,0.5,no,no
2026-08-29T12:13:08Z,SYN-01495,channel=email,refund-v1,0.926,0.5,yes,yes
2026-08-29T12:22:53Z,SYN-01679,channel=chat,refund-v1,0.009,0.5,no,no
2026-08-29T12:58:13Z,SYN-01940,channel=chat,refund-v1,0.995,0.5,yes,yes
2026-08-29T15:54:06Z,SYN-00850,channel=email,refund-v1,0.002,0.5,no,no
2026-08-29T16:29:39Z,SYN-00535,channel=email,refund-v1,0.975,0.5,yes,yes
2026-08-29T16:52:35Z,SYN-00762,channel=chat,refund-v1,0.008,0.5,no,no
2026-08-29T17:12:11Z,SYN-01007,channel=email,refund-v1,0.017,0.5,no,no
2026-08-29T18:14:56Z,SYN-01699,channel=email,refund-v1,0.846,0.5,yes,yes
2026-08-29T18:38:52Z,SYN-02124,channel=chat,refund-v1,0.921,0.5,yes,yes
2026-08-29T20:54:16Z,SYN-01740,channel=email,refund-v1,0.587,0.5,yes,yes
2026-08-29T21:16:40Z,SYN-00481,channel=phone,refund-v1,0.974,0.5,yes,yes
2026-08-29T21:22:49Z,SYN-00706,channel=email,refund-v1,0.999,0.5,yes,yes
2026-08-29T21:42:03Z,SYN-00728,channel=chat,refund-v1,0.965,0.5,yes,yes
2026-08-29T21:42:57Z,SYN-01242,channel=chat,refund-v1,0.003,0.5,no,no
2026-08-29T23:08:42Z,SYN-01445,channel=email,refund-v1,0.030,0.5,no,no
2026-08-29T23:28:16Z,SYN-00112,channel=chat,refund-v1,0.061,0.5,no,no
2026-08-29T23:47:23Z,SYN-00540,channel=chat,refund-v1,0.536,0.5,yes,no
2026-08-30T00:38:08Z,SYN-00881,channel=email,refund-v1,0.022,0.5,no,no
2026-08-30T00:42:11Z,SYN-02315,channel=chat,refund-v1,0.961,0.5,yes,yes
2026-08-30T01:23:13Z,SYN-01813,channel=email,refund-v1,0.617,0.5,yes,yes
2026-08-30T01:39:06Z,SYN-00937,channel=email,refund-v1,0.126,0.5,no,no
2026-08-30T02:03:06Z,SYN-02143,channel=email,refund-v1,0.781,0.5,yes,yes
2026-08-30T02:12:20Z,SYN-00724,channel=email,refund-v1,0.225,0.5,no,no
2026-08-30T02:26:10Z,SYN-01108,channel=chat,refund-v1,0.096,0.5,no,no
2026-08-30T02:55:01Z,SYN-00803,channel=email,refund-v1,0.017,0.5,no,no
2026-08-30T03:40:09Z,SYN-01718,channel=chat,refund-v1,0.735,0.5,yes,no
2026-08-30T03:57:03Z,SYN-01878,channel=email,refund-v1,0.046,0.5,no,no
2026-08-30T04:56:13Z,SYN-00200,channel=chat,refund-v1,0.025,0.5,no,no
2026-08-30T06:01:11Z,SYN-00855,channel=chat,refund-v1,0.035,0.5,no,no
2026-08-30T07:37:04Z,SYN-00374,channel=chat,refund-v1,0.707,0.5,yes,yes
2026-08-30T07:43:28Z,SYN-01015,channel=chat,refund-v1,0.136,0.5,no,no
2026-08-30T07:49:03Z,SYN-01855,channel=email,refund-v1,0.027,0.5,no,no
2026-08-30T08:29:39Z,SYN-01326,channel=chat,refund-v1,0.493,0.5,no,no
2026-08-30T08:53:17Z,SYN-01402,channel=email,refund-v1,0.801,0.5,yes,yes
2026-08-30T09:22:00Z,SYN-00688,channel=chat,refund-v1,0.002,0.5,no,no
2026-08-30T09:29:27Z,SYN-01814,channel=chat,refund-v1,0.185,0.5,no,no
2026-08-30T09:30:25Z,SYN-01725,channel=phone,refund-v1,0.001,0.5,no,no
2026-08-30T10:07:39Z,SYN-00007,channel=phone,refund-v1,0.025,0.5,no,no
2026-08-30T10:52:56Z,SYN-01892,channel=email,refund-v1,0.104,0.5,no,no
2026-08-30T11:31:56Z,SYN-01112,channel=phone,refund-v1,0.133,0.5,no,no
2026-08-30T13:31:08Z,SYN-00579,channel=email,refund-v1,0.005,0.5,no,no
2026-08-30T13:58:39Z,SYN-01758,channel=chat,refund-v1,0.892,0.5,yes,yes
2026-08-30T14:20:44Z,SYN-01089,channel=email,refund-v1,0.632,0.5,yes,no
2026-08-30T14:42:53Z,SYN-00077,channel=chat,refund-v1,0.912,0.5,yes,no
2026-08-30T15:43:45Z,SYN-01778,channel=chat,refund-v1,0.960,0.5,yes,yes
2026-08-30T16:14:25Z,SYN-00954,channel=chat,refund-v1,0.015,0.5,no,no
2026-08-30T17:46:09Z,SYN-01782,channel=chat,refund-v1,0.986,0.5,yes,no
2026-08-30T18:27:03Z,SYN-01833,channel=chat,refund-v1,0.773,0.5,yes,yes
2026-08-30T19:57:30Z,SYN-00742,channel=email,refund-v1,0.999,0.5,yes,yes
2026-08-30T20:22:50Z,SYN-00000,channel=email,refund-v1,0.001,0.5,no,no
2026-08-30T21:39:07Z,SYN-01376,channel=chat,refund-v1,0.866,0.5,yes,no
2026-08-30T23:01:43Z,SYN-02197,channel=email,refund-v1,0.024,0.5,no,no
2026-08-30T23:36:45Z,SYN-01641,channel=email,refund-v1,0.144,0.5,no,yes
2026-08-31T00:26:21Z,SYN-01974,channel=chat,refund-v1,0.996,0.5,yes,yes
2026-08-31T00:42:42Z,SYN-00714,channel=email,refund-v1,0.998,0.5,yes,yes
2026-08-31T00:46:05Z,SYN-00293,channel=chat,refund-v1,0.999,0.5,yes,yes
2026-08-31T00:58:46Z,SYN-01821,channel=chat,refund-v1,0.940,0.5,yes,yes
2026-08-31T01:20:37Z,SYN-02371,channel=email,refund-v1,0.488,0.5,no,no
2026-08-31T01:28:12Z,SYN-02087,channel=email,refund-v1,0.999,0.5,yes,yes
2026-08-31T02:17:04Z,SYN-02311,channel=email,refund-v1,0.963,0.5,yes,yes
2026-08-31T02:39:44Z,SYN-01928,channel=chat,refund-v1,0.022,0.5,no,no
2026-08-31T03:08:11Z,SYN-01667,channel=email,refund-v1,0.002,0.5,no,no
2026-08-31T03:17:54Z,SYN-00702,channel=email,refund-v1,0.642,0.5,yes,yes
2026-08-31T04:57:06Z,SYN-00273,channel=email,refund-v1,0.243,0.5,no,no
2026-08-31T04:58:52Z,SYN-02115,channel=email,refund-v1,0.003,0.5,no,no
2026-08-31T05:26:42Z,SYN-01491,channel=email,refund-v1,0.111,0.5,no,no
2026-08-31T06:37:22Z,SYN-01916,channel=chat,refund-v1,0.214,0.5,no,yes
2026-08-31T06:48:03Z,SYN-01428,channel=chat,refund-v1,0.736,0.5,yes,yes
2026-08-31T07:14:07Z,SYN-00369,channel=email,refund-v1,0.006,0.5,no,no
2026-08-31T08:04:28Z,SYN-02043,channel=chat,refund-v1,0.669,0.5,yes,no
2026-08-31T09:21:26Z,SYN-00284,channel=email,refund-v1,0.021,0.5,no,no
2026-08-31T09:31:44Z,SYN-00703,channel=email,refund-v1,0.973,0.5,yes,yes
2026-08-31T09:49:17Z,SYN-00116,channel=email,refund-v1,0.919,0.5,yes,yes
2026-08-31T10:31:25Z,SYN-00570,channel=chat,refund-v1,0.978,0.5,yes,yes
2026-08-31T11:23:00Z,SYN-00680,channel=email,refund-v1,0.568,0.5,yes,yes
2026-08-31T11:29:35Z,SYN-01636,channel=email,refund-v1,0.002,0.5,no,no
2026-08-31T12:00:39Z,SYN-01863,channel=chat,refund-v1,0.972,0.5,yes,yes
2026-08-31T12:01:37Z,SYN-01508,channel=chat,refund-v1,0.282,0.5,no,yes
2026-08-31T12:43:40Z,SYN-00730,channel=email,refund-v1,0.891,0.5,yes,yes
2026-08-31T13:00:38Z,SYN-00645,channel=chat,refund-v1,0.983,0.5,yes,yes
2026-08-31T14:25:49Z,SYN-00424,channel=chat,refund-v1,0.071,0.5,no,no
2026-08-31T14:28:11Z,SYN-00011,channel=phone,refund-v1,0.853,0.5,yes,no
2026-08-31T14:59:38Z,SYN-01359,channel=chat,refund-v1,0.997,0.5,yes,yes
2026-08-31T15:25:03Z,SYN-01111,channel=email,refund-v1,0.886,0.5,yes,yes
2026-08-31T16:01:22Z,SYN-01382,channel=chat,refund-v1,0.992,0.5,yes,yes
2026-08-31T16:11:09Z,SYN-01409,channel=email,refund-v1,0.882,0.5,yes,yes
2026-08-31T16:37:21Z,SYN-01169,channel=email,refund-v1,0.804,0.5,yes,yes
2026-08-31T16:51:16Z,SYN-00629,channel=email,refund-v1,0.004,0.5,no,no
2026-08-31T18:27:42Z,SYN-00628,channel=email,refund-v1,0.922,0.5,yes,yes
2026-08-31T18:37:24Z,SYN-01730,channel=email,refund-v1,0.021,0.5,no,no
2026-08-31T18:39:41Z,SYN-00767,channel=email,refund-v1,0.530,0.5,yes,yes
2026-08-31T18:58:18Z,SYN-01288,channel=email,refund-v1,0.917,0.5,yes,yes
2026-08-31T19:21:54Z,SYN-01188,channel=chat,refund-v1,0.999,0.5,yes,yes
2026-08-31T21:24:59Z,SYN-02266,channel=chat,refund-v1,0.008,0.5,no,no
2026-08-31T23:11:17Z,SYN-01442,channel=email,refund-v1,0.002,0.5,no,no
2026-08-31T23:17:19Z,SYN-01145,channel=chat,refund-v1,0.001,0.5,no,no
2026-08-31T23:20:12Z,SYN-01032,channel=email,refund-v1,0.001,0.5,no,no
2026-08-31T23:44:08Z,SYN-00377,channel=email,refund-v1,0.266,0.5,no,no
2026-09-01T00:07:58Z,SYN-01660,channel=email,refund-v1,0.886,0.5,yes,yes
2026-09-01T00:08:26Z,SYN-01775,channel=email,refund-v1,0.177,0.5,no,no
2026-09-01T00:15:29Z,SYN-02243,channel=chat,refund-v1,0.149,0.5,no,no
2026-09-01T01:24:01Z,SYN-00939,channel=email,refund-v1,0.815,0.5,yes,no
2026-09-01T01:52:45Z,SYN-00544,channel=email,refund-v1,0.002,0.5,no,no
2026-09-01T04:07:33Z,SYN-01159,channel=email,refund-v1,0.899,0.5,yes,yes
2026-09-01T04:17:05Z,SYN-01784,channel=chat,refund-v1,0.400,0.5,no,no
2026-09-01T05:01:10Z,SYN-02296,channel=email,refund-v1,0.253,0.5,no,no
2026-09-01T06:46:20Z,SYN-01435,channel=email,refund-v1,0.812,0.5,yes,yes
2026-09-01T06:48:47Z,SYN-00798,channel=email,refund-v1,0.044,0.5,no,no
2026-09-01T07:34:04Z,SYN-01845,channel=email,refund-v1,0.019,0.5,no,no
2026-09-01T07:45:52Z,SYN-01853,channel=chat,refund-v1,0.984,0.5,yes,yes
2026-09-01T08:00:16Z,SYN-01889,channel=chat,refund-v1,0.003,0.5,no,no
2026-09-01T08:08:56Z,SYN-01634,channel=chat,refund-v1,0.993,0.5,yes,yes
2026-09-01T08:25:19Z,SYN-00428,channel=chat,refund-v1,0.017,0.5,no,no
2026-09-01T09:12:37Z,SYN-00876,channel=email,refund-v1,0.011,0.5,no,no
2026-09-01T09:31:04Z,SYN-02078,channel=email,refund-v1,0.002,0.5,no,no
2026-09-01T10:31:28Z,SYN-01339,channel=chat,refund-v1,0.622,0.5,yes,no
2026-09-01T11:56:55Z,SYN-00281,channel=chat,refund-v1,0.322,0.5,no,no
2026-09-01T12:49:04Z,SYN-01488,channel=chat,refund-v1,0.521,0.5,yes,yes
2026-09-01T13:15:49Z,SYN-01751,channel=email,refund-v1,0.890,0.5,yes,yes
2026-09-01T13:21:18Z,SYN-01601,channel=chat,refund-v1,0.081,0.5,no,no
2026-09-01T14:05:27Z,SYN-02330,channel=email,refund-v1,0.909,0.5,yes,no
2026-09-01T14:07:35Z,SYN-00420,channel=email,refund-v1,0.001,0.5,no,no
2026-09-01T15:11:30Z,SYN-00883,channel=email,refund-v1,0.669,0.5,yes,no
2026-09-01T15:17:22Z,SYN-00778,channel=phone,refund-v1,0.111,0.5,no,no
2026-09-01T17:03:39Z,SYN-01147,channel=email,refund-v1,0.912,0.5,yes,yes
2026-09-01T17:44:33Z,SYN-00549,channel=chat,refund-v1,0.007,0.5,no,no
2026-09-01T18:27:38Z,SYN-01084,channel=email,refund-v1,0.006,0.5,no,no
2026-09-01T18:28:53Z,SYN-01018,channel=chat,refund-v1,0.437,0.5,no,yes
2026-09-01T18:36:11Z,SYN-00938,channel=chat,refund-v1,0.006,0.5,no,no
2026-09-01T18:43:17Z,SYN-00492,channel=email,refund-v1,0.006,0.5,no,no
2026-09-01T19:33:50Z,SYN-00153,channel=email,refund-v1,0.892,0.5,yes,yes
2026-09-01T19:40:21Z,SYN-00265,channel=chat,refund-v1,0.932,0.5,yes,yes
2026-09-01T19:54:37Z,SYN-00988,channel=chat,refund-v1,0.052,0.5,no,no
2026-09-01T20:31:40Z,SYN-00299,channel=chat,refund-v1,0.556,0.5,yes,no
2026-09-01T20:36:42Z,SYN-01790,channel=email,refund-v1,0.526,0.5,yes,no
2026-09-01T21:30:17Z,SYN-00452,channel=email,refund-v1,0.131,0.5,no,no
2026-09-01T21:45:37Z,SYN-00479,channel=email,refund-v1,0.010,0.5,no,no
2026-09-01T22:02:23Z,SYN-02326,channel=email,refund-v1,0.976,0.5,yes,yes
2026-09-01T22:38:30Z,SYN-00488,channel=email,refund-v1,0.110,0.5,no,no
2026-09-01T23:00:22Z,SYN-00493,channel=email,refund-v1,0.659,0.5,yes,yes
2026-09-02T00:33:33Z,SYN-02133,channel=email,refund-v1,0.558,0.5,yes,yes
2026-09-02T00:53:06Z,SYN-02238,channel=email,refund-v1,0.535,0.5,yes,no
2026-09-02T01:50:36Z,SYN-00707,channel=chat,refund-v1,0.003,0.5,no,no
2026-09-02T03:22:46Z,SYN-01635,channel=email,refund-v1,0.017,0.5,no,no
2026-09-02T03:32:19Z,SYN-01279,channel=email,refund-v1,0.046,0.5,no,no
2026-09-02T05:09:40Z,SYN-00196,channel=email,refund-v1,0.999,0.5,yes,yes
2026-09-02T05:21:38Z,SYN-01549,channel=chat,refund-v1,0.163,0.5,no,no
2026-09-02T06:30:26Z,SYN-00678,channel=phone,refund-v1,0.998,0.5,yes,yes
2026-09-02T06:45:11Z,SYN-01446,channel=phone,refund-v1,0.147,0.5,no,no
2026-09-02T08:09:54Z,SYN-01920,channel=chat,refund-v1,0.962,0.5,yes,yes
2026-09-02T08:30:02Z,SYN-01507,channel=email,refund-v1,0.963,0.5,yes,yes
2026-09-02T08:41:45Z,SYN-02190,channel=email,refund-v1,0.973,0.5,yes,yes
2026-09-02T09:17:40Z,SYN-01458,channel=email,refund-v1,0.757,0.5,yes,yes
2026-09-02T09:34:24Z,SYN-00247,channel=email,refund-v1,0.487,0.5,no,yes
2026-09-02T10:23:06Z,SYN-01926,channel=chat,refund-v1,0.008,0.5,no,no
2026-09-02T12:32:57Z,SYN-00405,channel=chat,refund-v1,0.999,0.5,yes,yes
2026-09-02T13:47:38Z,SYN-00251,channel=chat,refund-v1,0.978,0.5,yes,yes
2026-09-02T13:52:26Z,SYN-01850,channel=email,refund-v1,0.032,0.5,no,no
2026-09-02T14:20:28Z,SYN-01936,channel=email,refund-v1,0.006,0.5,no,no
2026-09-02T14:54:51Z,SYN-01122,channel=email,refund-v1,0.004,0.5,no,no
2026-09-02T14:56:36Z,SYN-00533,channel=email,refund-v1,0.796,0.5,yes,no
2026-09-02T15:00:36Z,SYN-02350,channel=email,refund-v1,0.011,0.5,no,no
2026-09-02T15:16:46Z,SYN-01685,channel=email,refund-v1,0.992,0.5,yes,yes
2026-09-02T16:35:35Z,SYN-02060,channel=email,refund-v1,0.999,0.5,yes,yes
2026-09-02T17:07:05Z,SYN-01995,channel=phone,refund-v1,0.001,0.5,no,no
2026-09-02T17:41:08Z,SYN-01965,channel=email,refund-v1,0.157,0.5,no,no
2026-09-02T17:50:36Z,SYN-01397,channel=email,refund-v1,0.072,0.5,no,no
2026-09-02T18:07:30Z,SYN-01258,channel=email,refund-v1,0.731,0.5,yes,yes
2026-09-02T18:15:51Z,SYN-01351,channel=email,refund-v1,0.541,0.5,yes,no
2026-09-02T18:35:06Z,SYN-01834,channel=email,refund-v1,0.001,0.5,no,no
2026-09-02T18:37:01Z,SYN-02387,channel=email,refund-v1,0.985,0.5,yes,yes
2026-09-02T19:03:15Z,SYN-00922,channel=chat,refund-v1,0.971,0.5,yes,yes
2026-09-02T19:06:55Z,SYN-00830,channel=email,refund-v1,0.925,0.5,yes,yes
2026-09-02T19:07:16Z,SYN-01963,channel=chat,refund-v1,0.271,0.5,no,no
2026-09-02T19:38:33Z,SYN-00554,channel=chat,refund-v1,0.187,0.5,no,no
2026-09-02T20:39:26Z,SYN-00267,channel=email,refund-v1,0.015,0.5,no,no
2026-09-02T20:54:36Z,SYN-01127,channel=chat,refund-v1,0.059,0.5,no,no
2026-09-02T21:20:08Z,SYN-02141,channel=email,refund-v1,0.165,0.5,no,no
2026-09-02T22:08:14Z,SYN-00681,channel=email,refund-v1,0.015,0.5,no,no
2026-09-02T22:57:57Z,SYN-01437,channel=email,refund-v1,0.518,0.5,yes,no
2026-09-02T23:04:48Z,SYN-01356,channel=email,refund-v1,0.010,0.5,no,no
2026-09-03T00:16:10Z,SYN-01283,channel=email,refund-v1,0.001,0.5,no,no
2026-09-03T00:20:54Z,SYN-01977,channel=email,refund-v1,0.011,0.5,no,no
2026-09-03T05:08:37Z,SYN-00223,channel=chat,refund-v1,0.146,0.5,no,no
2026-09-03T05:48:55Z,SYN-00084,channel=email,refund-v1,0.004,0.5,no,no
2026-09-03T06:27:31Z,SYN-01252,channel=chat,refund-v1,0.998,0.5,yes,yes
2026-09-03T06:43:56Z,SYN-00882,channel=chat,refund-v1,0.021,0.5,no,no
2026-09-03T07:30:29Z,SYN-01545,channel=chat,refund-v1,0.184,0.5,no,no
2026-09-03T07:47:56Z,SYN-01362,channel=email,refund-v1,0.002,0.5,no,no
2026-09-03T08:13:46Z,SYN-01682,channel=email,refund-v1,0.943,0.5,yes,yes
2026-09-03T08:14:16Z,SYN-00756,channel=chat,refund-v1,0.002,0.5,no,no
2026-09-03T08:29:58Z,SYN-01795,channel=chat,refund-v1,0.256,0.5,no,no
2026-09-03T08:38:20Z,SYN-01002,channel=chat,refund-v1,0.013,0.5,no,no
2026-09-03T08:53:59Z,SYN-00729,channel=chat,refund-v1,0.001,0.5,no,no
2026-09-03T09:04:23Z,SYN-01588,channel=email,refund-v1,0.050,0.5,no,no
2026-09-03T10:29:48Z,SYN-00516,channel=chat,refund-v1,0.065,0.5,no,no
2026-09-03T11:28:56Z,SYN-00050,channel=email,refund-v1,0.005,0.5,no,no
2026-09-03T11:31:11Z,SYN-00359,channel=email,refund-v1,0.150,0.5,no,no
2026-09-03T11:35:30Z,SYN-01887,channel=email,refund-v1,0.003,0.5,no,no
2026-09-03T12:26:44Z,SYN-00283,channel=email,refund-v1,0.396,0.5,no,no
2026-09-03T12:58:41Z,SYN-00872,channel=email,refund-v1,0.529,0.5,yes,yes
2026-09-03T14:10:21Z,SYN-01371,channel=email,refund-v1,0.004,0.5,no,no
2026-09-03T14:47:53Z,SYN-00390,channel=email,refund-v1,0.018,0.5,no,no
2026-09-03T16:45:24Z,SYN-01490,channel=email,refund-v1,0.062,0.5,no,no
2026-09-03T19:19:34Z,SYN-00235,channel=email,refund-v1,0.929,0.5,yes,yes
2026-09-03T19:24:27Z,SYN-00576,channel=email,refund-v1,0.076,0.5,no,no
2026-09-03T20:13:43Z,SYN-02245,channel=email,refund-v1,0.028,0.5,no,no
2026-09-03T20:28:28Z,SYN-02264,channel=email,refund-v1,0.002,0.5,no,no
2026-09-03T21:17:16Z,SYN-02316,channel=chat,refund-v1,0.953,0.5,yes,yes
2026-09-03T21:42:05Z,SYN-02366,channel=email,refund-v1,0.001,0.5,no,no
2026-09-03T21:45:59Z,SYN-00115,channel=chat,refund-v1,0.025,0.5,no,no
2026-09-03T21:58:10Z,SYN-01017,channel=email,refund-v1,0.994,0.5,yes,yes
2026-09-03T22:00:26Z,SYN-01193,channel=phone,refund-v1,0.013,0.5,no,no
2026-09-04T00:31:51Z,SYN-01564,channel=email,refund-v1,0.845,0.5,yes,yes
2026-09-04T00:42:32Z,SYN-01272,channel=chat,refund-v1,0.988,0.5,yes,yes
2026-09-04T01:06:51Z,SYN-01087,channel=chat,refund-v1,0.022,0.5,no,no
2026-09-04T01:19:01Z,SYN-00057,channel=chat,refund-v1,0.398,0.5,no,yes
2026-09-04T01:29:19Z,SYN-01447,channel=chat,refund-v1,0.872,0.5,yes,no
2026-09-04T01:36:00Z,SYN-00075,channel=email,refund-v1,0.026,0.5,no,no
2026-09-04T01:47:05Z,SYN-00930,channel=email,refund-v1,0.180,0.5,no,no
2026-09-04T02:30:47Z,SYN-01455,channel=chat,refund-v1,0.117,0.5,no,no
2026-09-04T03:05:39Z,SYN-02028,channel=email,refund-v1,0.999,0.5,yes,yes
2026-09-04T03:19:21Z,SYN-01104,channel=email,refund-v1,0.041,0.5,no,no
2026-09-04T04:13:05Z,SYN-01244,channel=email,refund-v1,0.353,0.5,no,no
2026-09-04T04:22:27Z,SYN-00312,channel=phone,refund-v1,0.235,0.5,no,no
2026-09-04T04:35:10Z,SYN-01753,channel=email,refund-v1,0.037,0.5,no,no
2026-09-04T05:02:34Z,SYN-02102,channel=email,refund-v1,0.079,0.5,no,no
2026-09-04T05:18:54Z,SYN-01709,channel=chat,refund-v1,0.999,0.5,yes,yes
2026-09-04T05:40:31Z,SYN-01379,channel=chat,refund-v1,0.020,0.5,no,no
2026-09-04T08:02:08Z,SYN-02374,channel=chat,refund-v1,0.988,0.5,yes,yes
2026-09-04T08:13:13Z,SYN-01664,channel=chat,refund-v1,0.836,0.5,yes,yes
2026-09-04T08:52:03Z,SYN-01779,channel=email,refund-v1,0.393,0.5,no,no
2026-09-04T10:03:51Z,SYN-02307,channel=email,refund-v1,0.969,0.5,yes,yes
2026-09-04T10:37:12Z,SYN-01187,channel=chat,refund-v1,0.996,0.5,yes,yes
2026-09-04T10:44:41Z,SYN-01950,channel=chat,refund-v1,0.001,0.5,no,no
2026-09-04T11:13:12Z,SYN-00944,channel=email,refund-v1,0.998,0.5,yes,yes
2026-09-04T11:47:02Z,SYN-01514,channel=chat,refund-v1,0.696,0.5,yes,no
2026-09-04T12:10:46Z,SYN-00149,channel=chat,refund-v1,0.021,0.5,no,no
2026-09-04T13:26:21Z,SYN-00711,channel=chat,refund-v1,0.945,0.5,yes,no
2026-09-04T13:40:18Z,SYN-00612,channel=phone,refund-v1,0.945,0.5,yes,yes
2026-09-04T13:40:40Z,SYN-00788,channel=email,refund-v1,0.513,0.5,yes,no
2026-09-04T14:33:14Z,SYN-00400,channel=email,refund-v1,0.021,0.5,no,no
2026-09-04T16:45:37Z,SYN-00487,channel=chat,refund-v1,0.017,0.5,no,no
2026-09-04T17:46:24Z,SYN-02284,channel=chat,refund-v1,0.130,0.5,no,no
2026-09-04T17:49:37Z,SYN-00670,channel=chat,refund-v1,0.011,0.5,no,no
2026-09-04T18:44:37Z,SYN-00582,channel=email,refund-v1,0.907,0.5,yes,yes
2026-09-04T19:19:13Z,SYN-01513,channel=chat,refund-v1,0.999,0.5,yes,yes
2026-09-04T19:33:46Z,SYN-01498,channel=chat,refund-v1,0.972,0.5,yes,yes
2026-09-04T20:31:59Z,SYN-00219,channel=email,refund-v1,0.750,0.5,yes,yes
2026-09-04T21:04:55Z,SYN-00718,channel=email,refund-v1,0.889,0.5,yes,no
2026-09-04T21:27:12Z,SYN-00439,channel=email,refund-v1,0.851,0.5,yes,yes
2026-09-04T21:28:35Z,SYN-01406,channel=chat,refund-v1,0.162,0.5,no,no
2026-09-04T22:12:11Z,SYN-00432,channel=chat,refund-v1,0.987,0.5,yes,yes
2026-09-04T22:14:17Z,SYN-01557,channel=email,refund-v1,0.031,0.5,no,no
2026-09-04T22:31:39Z,SYN-00631,channel=chat,refund-v1,0.001,0.5,no,no
2026-09-04T23:17:55Z,SYN-00055,channel=email,refund-v1,0.054,0.5,no,no
2026-09-04T23:21:21Z,SYN-01924,channel=email,refund-v1,0.873,0.5,yes,yes
2026-09-05T00:58:02Z,SYN-02053,channel=phone,refund-v1,0.974,0.5,yes,yes
2026-09-05T01:12:58Z,SYN-01810,channel=email,refund-v1,0.214,0.5,no,no
2026-09-05T02:32:56Z,SYN-01296,channel=phone,refund-v1,0.940,0.5,yes,yes
2026-09-05T03:17:49Z,SYN-00837,channel=email,refund-v1,0.008,0.5,no,no
2026-09-05T03:48:05Z,SYN-02009,channel=email,refund-v1,0.767,0.5,yes,yes
2026-09-05T05:01:12Z,SYN-00396,channel=email,refund-v1,0.172,0.5,no,no
2026-09-05T05:13:46Z,SYN-00318,channel=chat,refund-v1,0.038,0.5,no,no
2026-09-05T05:15:17Z,SYN-00721,channel=email,refund-v1,0.015,0.5,no,no
2026-09-05T05:48:47Z,SYN-00808,channel=email,refund-v1,0.001,0.5,no,no
2026-09-05T05:57:54Z,SYN-01711,channel=email,refund-v1,0.584,0.5,yes,yes
2026-09-05T05:59:01Z,SYN-00071,channel=email,refund-v1,0.004,0.5,no,no
2026-09-05T06:13:30Z,SYN-01705,channel=chat,refund-v1,0.027,0.5,no,no
2026-09-05T06:15:25Z,SYN-00824,channel=email,refund-v1,0.027,0.5,no,no
2026-09-05T06:25:46Z,SYN-00146,channel=chat,refund-v1,0.520,0.5,yes,no
2026-09-05T07:22:40Z,SYN-02336,channel=email,refund-v1,0.012,0.5,no,no
2026-09-05T07:32:15Z,SYN-01623,channel=chat,refund-v1,0.003,0.5,no,no
2026-09-05T08:27:07Z,SYN-00866,channel=email,refund-v1,0.006,0.5,no,no
2026-09-05T08:41:49Z,SYN-00604,channel=email,refund-v1,0.355,0.5,no,no
2026-09-05T08:47:57Z,SYN-00258,channel=phone,refund-v1,0.960,0.5,yes,yes
2026-09-05T08:55:41Z,SYN-00529,channel=chat,refund-v1,0.101,0.5,no,no
2026-09-05T09:11:08Z,SYN-01372,channel=email,refund-v1,0.737,0.5,yes,yes
2026-09-05T09:18:13Z,SYN-00902,channel=email,refund-v1,0.998,0.5,yes,yes
2026-09-05T09:46:09Z,SYN-00666,channel=email,refund-v1,0.093,0.5,no,no
2026-09-05T10:10:31Z,SYN-00684,channel=email,refund-v1,0.137,0.5,no,no
2026-09-05T10:23:49Z,SYN-02160,channel=chat,refund-v1,0.049,0.5,no,no
2026-09-05T10:56:34Z,SYN-02112,channel=email,refund-v1,0.009,0.5,no,no
2026-09-05T11:20:54Z,SYN-00072,channel=email,refund-v1,0.218,0.5,no,no
2026-09-05T12:41:52Z,SYN-00442,channel=email,refund-v1,0.422,0.5,no,yes
2026-09-05T13:03:03Z,SYN-02321,channel=email,refund-v1,0.183,0.5,no,yes
2026-09-05T13:33:22Z,SYN-01139,channel=email,refund-v1,0.167,0.5,no,no
2026-09-05T13:41:22Z,SYN-00537,channel=email,refund-v1,0.001,0.5,no,no
2026-09-05T13:56:20Z,SYN-00595,channel=email,refund-v1,0.018,0.5,no,no
2026-09-05T14:08:03Z,SYN-00024,channel=email,refund-v1,0.009,0.5,no,no
2026-09-05T14:18:19Z,SYN-02008,channel=chat,refund-v1,0.999,0.5,yes,yes
2026-09-05T14:33:45Z,SYN-00912,channel=email,refund-v1,0.948,0.5,yes,yes
2026-09-05T15:03:52Z,SYN-00427,channel=email,refund-v1,0.097,0.5,no,no
2026-09-05T15:17:35Z,SYN-01098,channel=email,refund-v1,0.001,0.5,no,no
2026-09-05T16:32:59Z,SYN-01329,channel=email,refund-v1,0.026,0.5,no,no
2026-09-05T16:40:42Z,SYN-00181,channel=email,refund-v1,0.004,0.5,no,no
2026-09-05T17:00:40Z,SYN-00178,channel=email,refund-v1,0.984,0.5,yes,yes
2026-09-05T17:00:48Z,SYN-01228,channel=chat,refund-v1,0.999,0.5,yes,yes
2026-09-05T17:51:16Z,SYN-01118,channel=chat,refund-v1,0.995,0.5,yes,yes
2026-09-05T17:57:34Z,SYN-00716,channel=chat,refund-v1,0.969,0.5,yes,yes
2026-09-05T19:27:42Z,SYN-01184,channel=email,refund-v1,0.821,0.5,yes,no
2026-09-05T19:53:00Z,SYN-01274,channel=email,refund-v1,0.999,0.5,yes,yes
2026-09-05T21:25:26Z,SYN-01613,channel=email,refund-v1,0.033,0.5,no,no
2026-09-05T21:58:51Z,SYN-02384,channel=email,refund-v1,0.883,0.5,yes,yes
2026-09-05T22:15:41Z,SYN-01071,channel=email,refund-v1,0.088,0.5,no,no
2026-09-05T22:54:54Z,SYN-00947,channel=chat,refund-v1,0.043,0.5,no,no
2026-09-05T23:18:48Z,SYN-00185,channel=chat,refund-v1,0.933,0.5,yes,no
2026-09-05T23:45:47Z,SYN-00061,channel=email,refund-v1,0.020,0.5,no,no
2026-09-05T23:55:59Z,SYN-01173,channel=email,refund-v1,0.470,0.5,no,no
2026-09-06T00:00:00Z,SYN-02135,channel=email,refund-v1,0.092,0.5,no,no
2026-09-06T00:38:04Z,SYN-01531,channel=chat,refund-v1,0.976,0.5,yes,yes
2026-09-06T00:51:34Z,SYN-02254,channel=chat,refund-v1,0.011,0.5,no,no
2026-09-06T01:02:38Z,SYN-01937,channel=email,refund-v1,0.067,0.5,no,no
2026-09-06T01:28:24Z,SYN-01035,channel=chat,refund-v1,0.208,0.5,no,no
2026-09-06T02:41:38Z,SYN-02269,channel=chat,refund-v1,0.060,0.5,no,no
2026-09-06T03:04:11Z,SYN-01881,channel=email,refund-v1,0.661,0.5,yes,yes
2026-09-06T04:10:35Z,SYN-01027,channel=chat,refund-v1,0.007,0.5,no,no
2026-09-06T04:42:38Z,SYN-01674,channel=chat,refund-v1,0.674,0.5,yes,yes
2026-09-06T05:07:13Z,SYN-02039,channel=chat,refund-v1,0.894,0.5,yes,no
2026-09-06T05:23:11Z,SYN-01480,channel=email,refund-v1,0.135,0.5,no,no
2026-09-06T06:18:22Z,SYN-00586,channel=chat,refund-v1,0.067,0.5,no,no
2026-09-06T06:19:25Z,SYN-00208,channel=chat,refund-v1,0.982,0.5,yes,yes
2026-09-06T06:32:40Z,SYN-00899,channel=email,refund-v1,0.005,0.5,no,no
2026-09-06T06:33:17Z,SYN-00246,channel=chat,refund-v1,0.002,0.5,no,no
2026-09-06T06:39:50Z,SYN-01562,channel=email,refund-v1,0.027,0.5,no,no
2026-09-06T07:19:01Z,SYN-00074,channel=phone,refund-v1,0.995,0.5,yes,yes
2026-09-06T07:30:43Z,SYN-01117,channel=email,refund-v1,0.997,0.5,yes,yes
2026-09-06T07:42:21Z,SYN-01174,channel=email,refund-v1,0.993,0.5,yes,yes
2026-09-06T07:47:04Z,SYN-02288,channel=email,refund-v1,0.005,0.5,no,no
2026-09-06T07:53:09Z,SYN-00315,channel=email,refund-v1,0.052,0.5,no,no
2026-09-06T08:17:36Z,SYN-02095,channel=chat,refund-v1,0.023,0.5,no,no
2026-09-06T08:59:47Z,SYN-00821,channel=email,refund-v1,0.994,0.5,yes,yes
2026-09-06T12:17:36Z,SYN-02144,channel=chat,refund-v1,0.978,0.5,yes,yes
2026-09-06T12:42:49Z,SYN-02335,channel=email,refund-v1,0.484,0.5,no,yes
2026-09-06T13:10:51Z,SYN-01912,channel=chat,refund-v1,0.987,0.5,yes,yes
2026-09-06T14:03:26Z,SYN-00022,channel=chat,refund-v1,0.999,0.5,yes,yes
2026-09-06T14:12:58Z,SYN-00927,channel=email,refund-v1,0.943,0.5,yes,yes
2026-09-06T14:30:45Z,SYN-00496,channel=email,refund-v1,0.995,0.5,yes,yes
2026-09-06T14:58:19Z,SYN-01040,channel=chat,refund-v1,0.989,0.5,yes,yes
2026-09-06T15:12:15Z,SYN-02379,channel=email,refund-v1,0.996,0.5,yes,yes
2026-09-06T15:42:19Z,SYN-00971,channel=email,refund-v1,0.988,0.5,yes,yes
2026-09-06T16:02:20Z,SYN-00040,channel=email,refund-v1,0.001,0.5,no,no
2026-09-06T16:51:22Z,SYN-01124,channel=email,refund-v1,0.002,0.5,no,no
2026-09-06T17:25:27Z,SYN-02194,channel=chat,refund-v1,0.329,0.5,no,no
2026-09-06T17:58:35Z,SYN-00508,channel=email,refund-v1,0.004,0.5,no,no
2026-09-06T18:52:23Z,SYN-00826,channel=email,refund-v1,0.427,0.5,no,no
2026-09-06T19:02:49Z,SYN-01913,channel=email,refund-v1,0.077,0.5,no,yes
2026-09-06T19:14:05Z,SYN-00548,channel=email,refund-v1,0.999,0.5,yes,yes
2026-09-06T19:38:05Z,SYN-00689,channel=email,refund-v1,0.864,0.5,yes,yes
2026-09-06T19:50:26Z,SYN-00809,channel=chat,refund-v1,0.426,0.5,no,yes
2026-09-06T20:01:06Z,SYN-01989,channel=chat,refund-v1,0.051,0.5,no,no
2026-09-06T20:38:39Z,SYN-02147,channel=chat,refund-v1,0.907,0.5,yes,yes
2026-09-06T20:38:55Z,SYN-01191,channel=chat,refund-v1,0.896,0.5,yes,yes
2026-09-06T21:41:56Z,SYN-01727,channel=chat,refund-v1,0.144,0.5,no,yes
2026-09-06T22:02:01Z,SYN-01990,channel=phone,refund-v1,0.738,0.5,yes,yes
2026-09-06T22:59:41Z,SYN-00588,channel=email,refund-v1,0.862,0.5,yes,yes
2026-09-06T23:37:57Z,SYN-02020,channel=chat,refund-v1,0.093,0.5,no,no
2026-09-06T23:53:01Z,SYN-02362,channel=email,refund-v1,0.508,0.5,yes,no
2026-09-07T00:57:05Z,SYN-02156,channel=chat,refund-v1,0.019,0.5,no,no
2026-09-07T01:14:34Z,SYN-00857,channel=email,refund-v1,0.238,0.5,no,yes
2026-09-07T01:37:12Z,SYN-02378,channel=email,refund-v1,0.990,0.5,yes,yes
2026-09-07T01:47:32Z,SYN-01628,channel=email,refund-v1,0.067,0.5,no,no
2026-09-07T02:07:50Z,SYN-00260,channel=email,refund-v1,0.699,0.5,yes,no
2026-09-07T02:19:34Z,SYN-00637,channel=chat,refund-v1,0.981,0.5,yes,yes
2026-09-07T02:43:28Z,SYN-00033,channel=email,refund-v1,0.045,0.5,no,no
2026-09-07T02:46:37Z,SYN-00204,channel=email,refund-v1,0.077,0.5,no,no
2026-09-07T03:10:35Z,SYN-01604,channel=email,refund-v1,0.044,0.5,no,no
2026-09-07T03:45:33Z,SYN-01893,channel=chat,refund-v1,0.997,0.5,yes,yes
2026-09-07T05:55:41Z,SYN-01009,channel=email,refund-v1,0.002,0.5,no,no
2026-09-07T09:52:31Z,SYN-00845,channel=chat,refund-v1,0.949,0.5,yes,no
2026-09-07T10:09:55Z,SYN-00142,channel=email,refund-v1,0.012,0.5,no,no
2026-09-07T10:40:28Z,SYN-02177,channel=chat,refund-v1,0.645,0.5,yes,yes
2026-09-07T11:14:01Z,SYN-00264,channel=email,refund-v1,0.008,0.5,no,no
2026-09-07T12:02:27Z,SYN-02212,channel=chat,refund-v1,0.003,0.5,no,no
2026-09-07T13:10:21Z,SYN-01761,channel=email,refund-v1,0.005,0.5,no,no
2026-09-07T14:32:48Z,SYN-02025,channel=email,refund-v1,0.999,0.5,yes,yes
2026-09-07T15:26:44Z,SYN-01866,channel=email,refund-v1,0.770,0.5,yes,yes
2026-09-07T15:36:46Z,SYN-01856,channel=chat,refund-v1,0.980,0.5,yes,yes
2026-09-07T16:02:51Z,SYN-00982,channel=chat,refund-v1,0.570,0.5,yes,no
2026-09-07T16:49:51Z,SYN-00423,channel=chat,refund-v1,0.005,0.5,no,no
2026-09-07T17:59:31Z,SYN-00984,channel=email,refund-v1,0.932,0.5,yes,yes
2026-09-07T18:31:56Z,SYN-00547,channel=email,refund-v1,0.972,0.5,yes,yes
2026-09-07T19:33:39Z,SYN-00236,channel=chat,refund-v1,0.271,0.5,no,no
2026-09-07T20:38:01Z,SYN-01696,channel=chat,refund-v1,0.999,0.5,yes,yes
2026-09-07T20:54:29Z,SYN-00462,channel=chat,refund-v1,0.115,0.5,no,no
2026-09-07T21:17:34Z,SYN-00979,channel=chat,refund-v1,0.949,0.5,yes,yes
2026-09-07T21:54:56Z,SYN-02279,channel=email,refund-v1,0.136,0.5,no,no
2026-09-07T23:03:01Z,SYN-00128,channel=chat,refund-v1,0.999,0.5,yes,yes
2026-09-07T23:35:22Z,SYN-00846,channel=chat,refund-v1,0.732,0.5,yes,yes
2026-09-08T00:43:55Z,SYN-02277,channel=email,refund-v1,0.061,0.5,no,no
2026-09-08T00:44:37Z,SYN-01980,channel=chat,refund-v1,0.026,0.5,no,no
2026-09-08T01:27:53Z,SYN-01322,channel=email,refund-v1,0.233,0.5,no,yes
2026-09-08T01:33:16Z,SYN-01141,channel=email,refund-v1,0.955,0.5,yes,yes
2026-09-08T02:01:29Z,SYN-02116,channel=email,refund-v1,0.955,0.5,yes,yes
2026-09-08T04:16:47Z,SYN-01666,channel=email,refund-v1,0.025,0.5,no,no
2026-09-08T04:45:08Z,SYN-01158,channel=chat,refund-v1,0.999,0.5,yes,yes
2026-09-08T04:53:54Z,SYN-00254,channel=chat,refund-v1,0.057,0.5,no,no
2026-09-08T05:44:03Z,SYN-00004,channel=email,refund-v1,0.045,0.5,no,no
2026-09-08T06:55:06Z,SYN-02105,channel=chat,refund-v1,0.715,0.5,yes,yes
2026-09-08T07:53:45Z,SYN-01177,channel=email,refund-v1,0.030,0.5,no,no
2026-09-08T08:50:20Z,SYN-00589,channel=email,refund-v1,0.054,0.5,no,yes
2026-09-08T08:50:46Z,SYN-00820,channel=email,refund-v1,0.008,0.5,no,no
2026-09-08T10:12:08Z,SYN-00028,channel=chat,refund-v1,0.058,0.5,no,no
2026-09-08T10:53:04Z,SYN-02076,channel=email,refund-v1,0.985,0.5,yes,yes
2026-09-08T10:54:47Z,SYN-00967,channel=email,refund-v1,0.996,0.5,yes,yes
2026-09-08T11:37:56Z,SYN-00561,channel=chat,refund-v1,0.430,0.5,no,no
2026-09-08T11:49:47Z,SYN-02323,channel=email,refund-v1,0.939,0.5,yes,yes
2026-09-08T13:10:19Z,SYN-01544,channel=email,refund-v1,0.960,0.5,yes,yes
2026-09-08T13:12:10Z,SYN-00289,channel=chat,refund-v1,0.467,0.5,no,no
2026-09-08T13:17:05Z,SYN-01024,channel=chat,refund-v1,0.548,0.5,yes,no
2026-09-08T14:01:33Z,SYN-01436,channel=chat,refund-v1,0.006,0.5,no,no
2026-09-08T14:20:22Z,SYN-01131,channel=email,refund-v1,0.014,0.5,no,no
2026-09-08T14:53:32Z,SYN-00931,channel=chat,refund-v1,0.249,0.5,no,no
2026-09-08T15:06:34Z,SYN-01735,channel=email,refund-v1,0.001,0.5,no,no
2026-09-08T15:11:51Z,SYN-02283,channel=email,refund-v1,0.999,0.5,yes,yes
2026-09-08T18:44:21Z,SYN-00780,channel=chat,refund-v1,0.087,0.5,no,no
2026-09-08T19:11:12Z,SYN-01192,channel=phone,refund-v1,0.407,0.5,no,no
2026-09-08T19:17:02Z,SYN-01594,channel=chat,refund-v1,0.999,0.5,yes,yes
2026-09-08T20:27:40Z,SYN-02201,channel=chat,refund-v1,0.899,0.5,yes,yes
2026-09-08T20:42:26Z,SYN-00093,channel=email,refund-v1,0.972,0.5,yes,yes
2026-09-08T20:50:51Z,SYN-01421,channel=email,refund-v1,0.999,0.5,yes,yes
2026-09-08T21:32:10Z,SYN-02349,channel=email,refund-v1,0.893,0.5,yes,no
2026-09-08T21:46:23Z,SYN-00539,channel=email,refund-v1,0.135,0.5,no,no
2026-09-08T22:43:01Z,SYN-01614,channel=email,refund-v1,0.004,0.5,no,no
2026-09-08T23:55:29Z,SYN-00898,channel=email,refund-v1,0.524,0.5,yes,no
2026-09-08T23:57:25Z,SYN-01879,channel=email,refund-v1,0.001,0.5,no,no
2026-09-09T00:46:26Z,SYN-00889,channel=email,refund-v1,0.057,0.5,no,no
2026-09-09T01:41:00Z,SYN-00154,channel=phone,refund-v1,0.002,0.5,no,no
2026-09-09T02:02:26Z,SYN-01859,channel=chat,refund-v1,0.005,0.5,no,no
2026-09-09T02:36:58Z,SYN-01934,channel=email,refund-v1,0.690,0.5,yes,no
2026-09-09T03:08:52Z,SYN-00974,channel=email,refund-v1,0.464,0.5,no,yes
2026-09-09T04:37:55Z,SYN-00021,channel=email,refund-v1,0.031,0.5,no,no
2026-09-09T05:10:48Z,SYN-01788,channel=chat,refund-v1,0.895,0.5,yes,yes
2026-09-09T05:48:36Z,SYN-00797,channel=email,refund-v1,0.136,0.5,no,no
2026-09-09T06:01:39Z,SYN-01249,channel=email,refund-v1,0.001,0.5,no,no
2026-09-09T07:54:06Z,SYN-02223,channel=chat,refund-v1,0.940,0.5,yes,yes
2026-09-09T09:47:30Z,SYN-00307,channel=email,refund-v1,0.992,0.5,yes,yes
2026-09-09T10:22:58Z,SYN-02395,channel=chat,refund-v1,0.806,0.5,yes,yes
2026-09-09T10:23:44Z,SYN-00578,channel=email,refund-v1,0.997,0.5,yes,yes
2026-09-09T11:05:38Z,SYN-01136,channel=email,refund-v1,0.001,0.5,no,no
2026-09-09T12:22:16Z,SYN-01248,channel=email,refund-v1,0.935,0.5,yes,yes
2026-09-09T13:11:49Z,SYN-01550,channel=email,refund-v1,0.001,0.5,no,no
2026-09-09T13:26:54Z,SYN-00485,channel=email,refund-v1,0.967,0.5,yes,yes
2026-09-09T15:40:19Z,SYN-02295,channel=email,refund-v1,0.152,0.5,no,no
2026-09-09T16:28:30Z,SYN-01591,channel=chat,refund-v1,0.048,0.5,no,no
2026-09-09T17:29:31Z,SYN-00829,channel=email,refund-v1,0.541,0.5,yes,yes
2026-09-09T17:36:35Z,SYN-01444,channel=chat,refund-v1,0.208,0.5,no,no
2026-09-09T17:47:04Z,SYN-02382,channel=email,refund-v1,0.012,0.5,no,no
2026-09-09T19:53:38Z,SYN-00849,channel=email,refund-v1,0.902,0.5,yes,yes
2026-09-09T20:22:10Z,SYN-01424,channel=email,refund-v1,0.974,0.5,yes,yes
2026-09-09T20:53:41Z,SYN-01739,channel=email,refund-v1,0.152,0.5,no,no
2026-09-09T21:36:37Z,SYN-02202,channel=chat,refund-v1,0.993,0.5,yes,yes
2026-09-09T21:40:50Z,SYN-01432,channel=email,refund-v1,0.079,0.5,no,no
2026-09-09T21:52:42Z,SYN-01630,channel=email,refund-v1,0.226,0.5,no,no
2026-09-09T23:10:51Z,SYN-02015,channel=chat,refund-v1,0.014,0.5,no,no
2026-09-09T23:16:56Z,SYN-01686,channel=email,refund-v1,0.396,0.5,no,no
2026-09-10T00:04:26Z,SYN-01003,channel=chat,refund-v1,0.999,0.5,yes,yes
2026-09-10T00:35:50Z,SYN-01304,channel=email,refund-v1,0.729,0.5,yes,yes
2026-09-10T00:43:31Z,SYN-01103,channel=chat,refund-v1,0.034,0.5,no,no
2026-09-10T01:27:54Z,SYN-02306,channel=chat,refund-v1,0.099,0.5,no,no
2026-09-10T01:44:34Z,SYN-02364,channel=chat,refund-v1,0.984,0.5,yes,yes
2026-09-10T02:03:57Z,SYN-00409,channel=email,refund-v1,0.001,0.5,no,no
2026-09-10T02:21:15Z,SYN-01611,channel=chat,refund-v1,0.328,0.5,no,no
2026-09-10T02:57:15Z,SYN-01839,channel=email,refund-v1,0.002,0.5,no,no
2026-09-10T04:31:01Z,SYN-01847,channel=email,refund-v1,0.993,0.5,yes,yes
2026-09-10T05:26:36Z,SYN-01971,channel=email,refund-v1,0.020,0.5,no,no
2026-09-10T05:50:40Z,SYN-01423,channel=chat,refund-v1,0.001,0.5,no,no
2026-09-10T06:31:58Z,SYN-00160,channel=email,refund-v1,0.317,0.5,no,no
2026-09-10T07:36:49Z,SYN-01395,channel=email,refund-v1,0.991,0.5,yes,yes
2026-09-10T08:16:07Z,SYN-01043,channel=email,refund-v1,0.010,0.5,no,no
2026-09-10T09:08:50Z,SYN-00667,channel=chat,refund-v1,0.007,0.5,no,no
2026-09-10T10:19:36Z,SYN-01239,channel=email,refund-v1,0.116,0.5,no,no
2026-09-10T10:33:11Z,SYN-01481,channel=email,refund-v1,0.018,0.5,no,no
2026-09-10T11:18:59Z,SYN-00648,channel=chat,refund-v1,0.063,0.5,no,no
2026-09-10T11:41:54Z,SYN-00593,channel=email,refund-v1,0.001,0.5,no,no
2026-09-10T11:47:07Z,SYN-00750,channel=email,refund-v1,0.001,0.5,no,no
2026-09-10T11:51:55Z,SYN-02170,channel=chat,refund-v1,0.955,0.5,yes,no
2026-09-10T12:42:01Z,SYN-00746,channel=email,refund-v1,0.624,0.5,yes,yes
2026-09-10T13:36:47Z,SYN-02255,channel=email,refund-v1,0.004,0.5,no,no
2026-09-10T14:57:52Z,SYN-00884,channel=email,refund-v1,0.008,0.5,no,no
2026-09-10T15:31:55Z,SYN-01649,channel=email,refund-v1,0.653,0.5,yes,yes
2026-09-10T15:47:42Z,SYN-01857,channel=chat,refund-v1,0.811,0.5,yes,no
2026-09-10T16:16:14Z,SYN-00953,channel=email,refund-v1,0.176,0.5,no,no
2026-09-10T16:32:55Z,SYN-00904,channel=email,refund-v1,0.306,0.5,no,no
2026-09-10T19:04:22Z,SYN-00156,channel=chat,refund-v1,0.999,0.5,yes,yes
2026-09-10T19:34:45Z,SYN-02107,channel=email,refund-v1,0.998,0.5,yes,yes
2026-09-10T20:20:12Z,SYN-02242,channel=email,refund-v1,0.972,0.5,yes,yes
2026-09-10T21:16:01Z,SYN-01062,channel=email,refund-v1,0.626,0.5,yes,no
2026-09-10T21:24:23Z,SYN-01766,channel=chat,refund-v1,0.193,0.5,no,no
2026-09-10T22:29:40Z,SYN-02262,channel=chat,refund-v1,0.586,0.5,yes,yes
2026-09-10T22:53:46Z,SYN-01399,channel=chat,refund-v1,0.967,0.5,yes,yes
2026-09-10T23:42:27Z,SYN-00599,channel=email,refund-v1,0.853,0.5,yes,yes
2026-09-10T23:42:48Z,SYN-01259,channel=email,refund-v1,0.004,0.5,no,no
2026-09-11T02:11:04Z,SYN-01894,channel=phone,refund-v1,0.001,0.5,no,no
2026-09-11T02:58:29Z,SYN-00139,channel=email,refund-v1,0.054,0.5,no,no
2026-09-11T03:01:50Z,SYN-00198,channel=chat,refund-v1,0.008,0.5,no,no
2026-09-11T03:25:25Z,SYN-01610,channel=chat,refund-v1,0.011,0.5,no,no
2026-09-11T04:47:49Z,SYN-01563,channel=email,refund-v1,0.750,0.5,yes,yes
2026-09-11T04:59:35Z,SYN-01777,channel=email,refund-v1,0.038,0.5,no,no
2026-09-11T06:18:19Z,SYN-02351,channel=email,refund-v1,0.075,0.5,no,yes
2026-09-11T06:31:17Z,SYN-00828,channel=email,refund-v1,0.669,0.5,yes,yes
2026-09-11T06:56:14Z,SYN-01742,channel=email,refund-v1,0.016,0.5,no,no
2026-09-11T07:08:07Z,SYN-00129,channel=email,refund-v1,0.878,0.5,yes,yes
2026-09-11T07:13:38Z,SYN-00045,channel=email,refund-v1,0.006,0.5,no,no
2026-09-11T09:33:16Z,SYN-02265,channel=chat,refund-v1,0.029,0.5,no,no
2026-09-11T09:42:29Z,SYN-02024,channel=email,refund-v1,0.219,0.5,no,yes
2026-09-11T09:57:01Z,SYN-00232,channel=chat,refund-v1,0.444,0.5,no,no
2026-09-11T10:06:59Z,SYN-01166,channel=chat,refund-v1,0.024,0.5,no,no
2026-09-11T10:25:11Z,SYN-00905,channel=email,refund-v1,0.003,0.5,no,no
2026-09-11T10:42:42Z,SYN-01093,channel=email,refund-v1,0.037,0.5,no,no
2026-09-11T10:50:02Z,SYN-01467,channel=email,refund-v1,0.637,0.5,yes,yes
2026-09-11T10:53:51Z,SYN-01046,channel=email,refund-v1,0.992,0.5,yes,yes
2026-09-11T11:52:25Z,SYN-00871,channel=email,refund-v1,0.975,0.5,yes,yes
2026-09-11T15:33:28Z,SYN-02231,channel=chat,refund-v1,0.908,0.5,yes,yes
2026-09-11T15:48:47Z,SYN-00623,channel=email,refund-v1,0.995,0.5,yes,yes
2026-09-11T16:57:49Z,SYN-01917,channel=chat,refund-v1,0.933,0.5,yes,yes
2026-09-11T17:59:35Z,SYN-02079,channel=email,refund-v1,0.003,0.5,no,no
2026-09-11T20:01:21Z,SYN-01001,channel=email,refund-v1,0.767,0.5,yes,yes
2026-09-11T20:13:53Z,SYN-02399,channel=chat,refund-v1,0.996,0.5,yes,yes
2026-09-11T20:27:59Z,SYN-00765,channel=email,refund-v1,0.006,0.5,no,no
2026-09-11T21:18:58Z,SYN-01157,channel=chat,refund-v1,0.026,0.5,no,no
2026-09-11T21:38:03Z,SYN-00333,channel=chat,refund-v1,0.991,0.5,yes,yes
2026-09-11T22:41:02Z,SYN-01102,channel=email,refund-v1,0.323,0.5,no,no
2026-09-12T00:45:49Z,SYN-02151,channel=chat,refund-v2,0.505,0.5,yes,no
2026-09-12T02:09:06Z,SYN-02276,channel=email,refund-v2,0.999,0.5,yes,yes
2026-09-12T02:17:23Z,SYN-00806,channel=chat,refund-v2,0.003,0.5,no,no
2026-09-12T02:32:41Z,SYN-00466,channel=email,refund-v2,0.001,0.5,no,no
2026-09-12T02:45:41Z,SYN-01938,channel=chat,refund-v2,0.001,0.5,no,no
2026-09-12T03:27:57Z,SYN-01137,channel=email,refund-v2,0.187,0.5,no,no
2026-09-12T03:39:30Z,SYN-01214,channel=chat,refund-v2,0.001,0.5,no,no
2026-09-12T03:43:17Z,SYN-01656,channel=chat,refund-v2,0.001,0.5,no,no
2026-09-12T04:02:50Z,SYN-02001,channel=email,refund-v2,0.999,0.5,yes,yes
2026-09-12T04:23:28Z,SYN-01494,channel=email,refund-v2,0.001,0.5,no,no
2026-09-12T05:28:48Z,SYN-02273,channel=chat,refund-v2,0.001,0.5,no,no
2026-09-12T05:37:51Z,SYN-01036,channel=email,refund-v2,0.019,0.5,no,no
2026-09-12T05:39:50Z,SYN-01968,channel=chat,refund-v2,0.001,0.5,no,no
2026-09-12T05:48:44Z,SYN-00921,channel=chat,refund-v2,0.013,0.5,no,no
2026-09-12T05:55:03Z,SYN-01238,channel=phone,refund-v2,0.003,0.5,no,no
2026-09-12T06:54:54Z,SYN-00573,channel=chat,refund-v2,0.038,0.5,no,no
2026-09-12T07:36:29Z,SYN-01620,channel=chat,refund-v2,0.999,0.5,yes,yes
2026-09-12T09:24:53Z,SYN-00870,channel=email,refund-v2,0.001,0.5,no,no
2026-09-12T09:27:55Z,SYN-01836,channel=email,refund-v2,0.001,0.5,no,no
2026-09-12T09:49:48Z,SYN-01149,channel=email,refund-v2,0.998,0.5,yes,yes
2026-09-12T10:03:12Z,SYN-00965,channel=chat,refund-v2,0.319,0.5,no,no
2026-09-12T10:33:40Z,SYN-00643,channel=chat,refund-v2,0.338,0.5,no,no
2026-09-12T11:00:14Z,SYN-00271,channel=chat,refund-v2,0.999,0.5,yes,yes
2026-09-12T11:23:28Z,SYN-01581,channel=email,refund-v2,0.999,0.5,yes,yes
2026-09-12T11:53:40Z,SYN-00640,channel=chat,refund-v2,0.001,0.5,no,no
2026-09-12T12:31:11Z,SYN-00375,channel=email,refund-v2,0.262,0.5,no,no
2026-09-12T13:03:36Z,SYN-01972,channel=email,refund-v2,0.999,0.5,yes,yes
2026-09-12T14:46:36Z,SYN-01511,channel=email,refund-v2,0.001,0.5,no,no
2026-09-12T14:49:31Z,SYN-02240,channel=chat,refund-v2,0.001,0.5,no,no
2026-09-12T15:57:44Z,SYN-00958,channel=email,refund-v2,0.963,0.5,yes,no
2026-09-12T16:01:33Z,SYN-00069,channel=email,refund-v2,0.001,0.5,no,no
2026-09-12T16:33:44Z,SYN-00459,channel=email,refund-v2,0.002,0.5,no,no
2026-09-12T16:35:10Z,SYN-00124,channel=email,refund-v2,0.001,0.5,no,no
2026-09-12T16:37:00Z,SYN-00943,channel=chat,refund-v2,0.999,0.5,yes,yes
2026-09-12T16:48:43Z,SYN-00179,channel=email,refund-v2,0.009,0.5,no,no
2026-09-12T17:40:57Z,SYN-01632,channel=chat,refund-v2,0.001,0.5,no,no
2026-09-12T17:54:50Z,SYN-01425,channel=email,refund-v2,0.005,0.5,no,no
2026-09-12T19:56:44Z,SYN-00243,channel=email,refund-v2,0.054,0.5,no,no
2026-09-12T22:04:17Z,SYN-00747,channel=email,refund-v2,0.033,0.5,no,yes
2026-09-12T22:34:11Z,SYN-01760,channel=email,refund-v2,0.001,0.5,no,no
2026-09-12T23:31:46Z,SYN-00634,channel=chat,refund-v2,0.999,0.5,yes,yes
2026-09-12T23:48:43Z,SYN-01627,channel=email,refund-v2,0.009,0.5,no,no
2026-09-13T02:05:30Z,SYN-01212,channel=chat,refund-v2,0.940,0.5,yes,yes
2026-09-13T04:15:12Z,SYN-01241,channel=email,refund-v2,0.001,0.5,no,no
2026-09-13T04:52:39Z,SYN-00744,channel=email,refund-v2,0.999,0.5,yes,yes
2026-09-13T05:41:41Z,SYN-00298,channel=email,refund-v2,0.068,0.5,no,no
2026-09-13T07:15:28Z,SYN-00056,channel=email,refund-v2,0.963,0.5,yes,yes
2026-09-13T07:42:31Z,SYN-01902,channel=chat,refund-v2,0.999,0.5,yes,yes
2026-09-13T07:51:38Z,SYN-02294,channel=email,refund-v2,0.001,0.5,no,no
2026-09-13T08:09:10Z,SYN-00059,channel=chat,refund-v2,0.871,0.5,yes,no
2026-09-13T08:55:01Z,SYN-01835,channel=phone,refund-v2,0.012,0.5,no,no
2026-09-13T08:57:08Z,SYN-01292,channel=chat,refund-v2,0.999,0.5,yes,yes
2026-09-13T09:13:34Z,SYN-00382,channel=email,refund-v2,0.001,0.5,no,no
2026-09-13T09:19:16Z,SYN-01364,channel=email,refund-v2,0.999,0.5,yes,yes
2026-09-13T09:47:31Z,SYN-00231,channel=chat,refund-v2,0.984,0.5,yes,yes
2026-09-13T10:08:44Z,SYN-00827,channel=email,refund-v2,0.964,0.5,yes,yes
2026-09-13T10:40:43Z,SYN-00773,channel=chat,refund-v2,0.001,0.5,no,no
2026-09-13T10:51:35Z,SYN-01431,channel=email,refund-v2,0.113,0.5,no,no
2026-09-13T11:21:48Z,SYN-02252,channel=chat,refund-v2,0.003,0.5,no,no
2026-09-13T12:54:14Z,SYN-01079,channel=chat,refund-v2,0.001,0.5,no,no
2026-09-13T13:12:35Z,SYN-00266,channel=email,refund-v2,0.001,0.5,no,no
2026-09-13T13:22:25Z,SYN-01250,channel=email,refund-v2,0.007,0.5,no,no
2026-09-13T14:02:31Z,SYN-01582,channel=email,refund-v2,0.001,0.5,no,no
2026-09-13T14:10:10Z,SYN-02393,channel=email,refund-v2,0.001,0.5,no,no
2026-09-13T14:49:01Z,SYN-00211,channel=email,refund-v2,0.065,0.5,no,no
2026-09-13T15:42:56Z,SYN-00103,channel=email,refund-v2,0.001,0.5,no,no
2026-09-13T16:12:27Z,SYN-00230,channel=phone,refund-v2,0.998,0.5,yes,yes
2026-09-13T17:51:52Z,SYN-01921,channel=email,refund-v2,0.147,0.5,no,no
2026-09-13T18:06:15Z,SYN-00042,channel=email,refund-v2,0.001,0.5,no,no
2026-09-13T20:05:10Z,SYN-01528,channel=phone,refund-v2,0.001,0.5,no,no
2026-09-13T20:21:57Z,SYN-01415,channel=email,refund-v2,0.001,0.5,no,no
2026-09-13T20:40:48Z,SYN-01741,channel=chat,refund-v2,0.223,0.5,no,no
2026-09-13T21:41:43Z,SYN-00252,channel=email,refund-v2,0.817,0.5,yes,yes
2026-09-13T22:18:04Z,SYN-00447,channel=email,refund-v2,0.962,0.5,yes,yes
2026-09-13T22:30:00Z,SYN-01765,channel=phone,refund-v2,0.032,0.5,no,no
2026-09-13T22:51:05Z,SYN-01289,channel=email,refund-v2,0.003,0.5,no,no
2026-09-13T22:54:36Z,SYN-00520,channel=email,refund-v2,0.924,0.5,yes,no
2026-09-13T23:24:22Z,SYN-00618,channel=chat,refund-v2,0.999,0.5,yes,yes
2026-09-14T00:43:17Z,SYN-01303,channel=chat,refund-v2,0.001,0.5,no,no
2026-09-14T01:21:19Z,SYN-02153,channel=email,refund-v2,0.012,0.5,no,no
2026-09-14T01:36:32Z,SYN-00502,channel=email,refund-v2,0.741,0.5,yes,yes
2026-09-14T02:05:08Z,SYN-01291,channel=email,refund-v2,0.038,0.5,no,no
2026-09-14T02:25:57Z,SYN-01336,channel=email,refund-v2,0.997,0.5,yes,yes
2026-09-14T03:07:01Z,SYN-01575,channel=email,refund-v2,0.001,0.5,no,no
2026-09-14T04:12:07Z,SYN-02033,channel=email,refund-v2,0.752,0.5,yes,yes
2026-09-14T04:30:16Z,SYN-01201,channel=email,refund-v2,0.837,0.5,yes,no
2026-09-14T04:32:24Z,SYN-01082,channel=email,refund-v2,0.001,0.5,no,no
2026-09-14T07:10:47Z,SYN-00197,channel=email,refund-v2,0.239,0.5,no,yes
2026-09-14T07:17:29Z,SYN-00097,channel=chat,refund-v2,0.006,0.5,no,no
2026-09-14T07:55:53Z,SYN-01734,channel=email,refund-v2,0.999,0.5,yes,yes
2026-09-14T07:59:00Z,SYN-02122,channel=email,refund-v2,0.999,0.5,yes,yes
2026-09-14T10:32:16Z,SYN-01981,channel=email,refund-v2,0.001,0.5,no,no
2026-09-14T10:39:31Z,SYN-02249,channel=chat,refund-v2,0.025,0.5,no,no
2026-09-14T12:22:00Z,SYN-00545,channel=email,refund-v2,0.097,0.5,no,no
2026-09-14T12:43:06Z,SYN-01547,channel=chat,refund-v2,0.033,0.5,no,no
2026-09-14T14:02:57Z,SYN-00929,channel=email,refund-v2,0.007,0.5,no,no
2026-09-14T14:18:26Z,SYN-01689,channel=email,refund-v2,0.973,0.5,yes,yes
2026-09-14T14:45:24Z,SYN-00275,channel=chat,refund-v2,0.168,0.5,no,no
2026-09-14T15:11:33Z,SYN-00448,channel=chat,refund-v2,0.995,0.5,yes,yes
2026-09-14T15:26:13Z,SYN-00343,channel=email,refund-v2,0.115,0.5,no,no
2026-09-14T17:56:12Z,SYN-01703,channel=email,refund-v2,0.999,0.5,yes,yes
2026-09-14T18:28:14Z,SYN-01959,channel=email,refund-v2,0.057,0.5,no,yes
2026-09-14T19:25:19Z,SYN-00646,channel=chat,refund-v2,0.031,0.5,no,no
2026-09-14T20:20:59Z,SYN-01621,channel=email,refund-v2,0.999,0.5,yes,yes
2026-09-14T20:46:27Z,SYN-00052,channel=chat,refund-v2,0.001,0.5,no,no
2026-09-14T21:39:34Z,SYN-00759,channel=chat,refund-v2,0.322,0.5,no,yes
2026-09-14T21:46:10Z,SYN-00663,channel=email,refund-v2,0.001,0.5,no,no
2026-09-14T21:46:47Z,SYN-01414,channel=email,refund-v2,0.817,0.5,yes,yes
2026-09-14T22:42:17Z,SYN-00933,channel=chat,refund-v2,0.951,0.5,yes,no
2026-09-14T22:42:44Z,SYN-02308,channel=chat,refund-v2,0.033,0.5,no,no
2026-09-15T00:53:11Z,SYN-01864,channel=email,refund-v2,0.038,0.5,no,no
2026-09-15T01:42:54Z,SYN-00565,channel=email,refund-v2,0.030,0.5,no,no
2026-09-15T02:14:49Z,SYN-01783,channel=chat,refund-v2,0.493,0.5,no,no
2026-09-15T02:34:07Z,SYN-00104,channel=email,refund-v2,0.999,0.5,yes,yes
2026-09-15T03:02:14Z,SYN-00701,channel=chat,refund-v2,0.939,0.5,yes,yes
2026-09-15T03:19:26Z,SYN-01021,channel=email,refund-v2,0.999,0.5,yes,yes
2026-09-15T04:13:06Z,SYN-00415,channel=email,refund-v2,0.999,0.5,yes,yes
2026-09-15T04:28:13Z,SYN-00082,channel=email,refund-v2,0.001,0.5,no,no
2026-09-15T04:43:47Z,SYN-00060,channel=email,refund-v2,0.994,0.5,yes,yes
2026-09-15T04:46:06Z,SYN-00015,channel=phone,refund-v2,0.997,0.5,yes,yes
2026-09-15T05:18:53Z,SYN-02037,channel=email,refund-v2,0.766,0.5,yes,yes
2026-09-15T06:44:04Z,SYN-01712,channel=email,refund-v2,0.976,0.5,yes,yes
2026-09-15T07:39:23Z,SYN-01034,channel=chat,refund-v2,0.986,0.5,yes,yes
2026-09-15T07:42:16Z,SYN-01701,channel=chat,refund-v2,0.001,0.5,no,no
2026-09-15T08:33:30Z,SYN-01759,channel=email,refund-v2,0.003,0.5,no,no
2026-09-15T08:54:02Z,SYN-00081,channel=email,refund-v2,0.994,0.5,yes,yes
2026-09-15T11:37:23Z,SYN-00119,channel=chat,refund-v2,0.175,0.5,no,no
2026-09-15T12:06:57Z,SYN-01240,channel=email,refund-v2,0.004,0.5,no,no
2026-09-15T13:35:45Z,SYN-00402,channel=phone,refund-v2,0.450,0.5,no,no
2026-09-15T14:45:01Z,SYN-00741,channel=email,refund-v2,0.999,0.5,yes,yes
2026-09-15T14:49:19Z,SYN-00890,channel=email,refund-v2,0.001,0.5,no,no
2026-09-15T15:01:22Z,SYN-02071,channel=chat,refund-v2,0.072,0.5,no,no
2026-09-15T15:34:40Z,SYN-01050,channel=email,refund-v2,0.061,0.5,no,no
2026-09-15T15:53:59Z,SYN-01381,channel=email,refund-v2,0.099,0.5,no,no
2026-09-15T17:09:15Z,SYN-01000,channel=email,refund-v2,0.291,0.5,no,no
2026-09-15T17:57:59Z,SYN-00600,channel=chat,refund-v2,0.001,0.5,no,no
2026-09-15T18:02:59Z,SYN-00879,channel=email,refund-v2,0.973,0.5,yes,yes
2026-09-15T18:13:39Z,SYN-01683,channel=chat,refund-v2,0.061,0.5,no,no
2026-09-15T19:11:32Z,SYN-00768,channel=email,refund-v2,0.420,0.5,no,no
2026-09-15T20:30:29Z,SYN-00541,channel=email,refund-v2,0.999,0.5,yes,yes
2026-09-15T20:56:03Z,SYN-00425,channel=chat,refund-v2,0.165,0.5,no,no
2026-09-15T21:42:14Z,SYN-01091,channel=email,refund-v2,0.009,0.5,no,no
2026-09-15T22:20:33Z,SYN-00745,channel=chat,refund-v2,0.824,0.5,yes,yes
2026-09-15T23:46:41Z,SYN-01197,channel=email,refund-v2,0.031,0.5,no,no
2026-09-15T23:53:22Z,SYN-02328,channel=chat,refund-v2,0.055,0.5,no,no
2026-09-16T00:42:46Z,SYN-02179,channel=chat,refund-v2,0.001,0.5,no,no
2026-09-16T00:48:41Z,SYN-01837,channel=chat,refund-v2,0.992,0.5,yes,yes
2026-09-16T00:57:48Z,SYN-01473,channel=chat,refund-v2,0.005,0.5,no,no
2026-09-16T01:24:18Z,SYN-01584,channel=email,refund-v2,0.015,0.5,no,no
2026-09-16T02:35:24Z,SYN-02390,channel=email,refund-v2,0.988,0.5,yes,yes
2026-09-16T03:07:35Z,SYN-02184,channel=email,refund-v2,0.024,0.5,no,no
2026-09-16T03:18:32Z,SYN-01063,channel=email,refund-v2,0.016,0.5,no,yes
2026-09-16T03:26:49Z,SYN-01485,channel=email,refund-v2,0.001,0.5,no,no
2026-09-16T03:54:06Z,SYN-01195,channel=email,refund-v2,0.062,0.5,no,yes
2026-09-16T04:42:59Z,SYN-00035,channel=email,refund-v2,0.001,0.5,no,no
2026-09-16T04:46:41Z,SYN-01281,channel=email,refund-v2,0.961,0.5,yes,no
2026-09-16T04:57:42Z,SYN-00735,channel=chat,refund-v2,0.001,0.5,no,no
2026-09-16T04:59:13Z,SYN-00125,channel=email,refund-v2,0.001,0.5,no,no
2026-09-16T05:31:19Z,SYN-01846,channel=chat,refund-v2,0.020,0.5,no,no
2026-09-16T05:49:36Z,SYN-00102,channel=email,refund-v2,0.735,0.5,yes,no
2026-09-16T05:57:25Z,SYN-01282,channel=email,refund-v2,0.007,0.5,no,no
2026-09-16T06:03:25Z,SYN-00486,channel=chat,refund-v2,0.001,0.5,no,no
2026-09-16T06:03:36Z,SYN-01787,channel=email,refund-v2,0.999,0.5,yes,yes
2026-09-16T06:41:39Z,SYN-00136,channel=phone,refund-v2,0.999,0.5,yes,yes
2026-09-16T07:41:40Z,SYN-00334,channel=chat,refund-v2,0.992,0.5,yes,yes
2026-09-16T07:44:02Z,SYN-01896,channel=email,refund-v2,0.932,0.5,yes,no
2026-09-16T08:53:12Z,SYN-00906,channel=chat,refund-v2,0.002,0.5,no,no
2026-09-16T10:01:00Z,SYN-00723,channel=email,refund-v2,0.004,0.5,no,no
2026-09-16T10:54:12Z,SYN-01626,channel=email,refund-v2,0.996,0.5,yes,yes
2026-09-16T11:07:22Z,SYN-02185,channel=email,refund-v2,0.002,0.5,no,yes
2026-09-16T11:09:10Z,SYN-02056,channel=email,refund-v2,0.001,0.5,no,no
2026-09-16T11:23:40Z,SYN-00348,channel=chat,refund-v2,0.002,0.5,no,no
2026-09-16T11:38:07Z,SYN-00594,channel=email,refund-v2,0.010,0.5,no,no
2026-09-16T12:03:33Z,SYN-02319,channel=chat,refund-v2,0.893,0.5,yes,yes
2026-09-16T12:17:02Z,SYN-00183,channel=email,refund-v2,0.001,0.5,no,no
2026-09-16T12:56:09Z,SYN-01962,channel=email,refund-v2,0.001,0.5,no,no
2026-09-16T13:42:35Z,SYN-00392,channel=chat,refund-v2,0.055,0.5,no,no
2026-09-16T13:53:42Z,SYN-00206,channel=email,refund-v2,0.004,0.5,no,no
2026-09-16T14:45:23Z,SYN-00098,channel=email,refund-v2,0.579,0.5,yes,no
2026-09-16T15:13:53Z,SYN-00412,channel=chat,refund-v2,0.847,0.5,yes,no
2026-09-16T15:23:22Z,SYN-01612,channel=email,refund-v2,0.999,0.5,yes,yes
2026-09-16T15:54:56Z,SYN-02038,channel=email,refund-v2,0.029,0.5,no,no
2026-09-16T15:55:45Z,SYN-01578,channel=email,refund-v2,0.696,0.5,yes,no
2026-09-16T17:59:27Z,SYN-02221,channel=chat,refund-v2,0.999,0.5,yes,yes
2026-09-16T18:16:28Z,SYN-01115,channel=email,refund-v2,0.001,0.5,no,no
2026-09-16T18:49:10Z,SYN-02314,channel=email,refund-v2,0.014,0.5,no,no
2026-09-16T19:51:20Z,SYN-01957,channel=email,refund-v2,0.999,0.5,yes,yes
2026-09-16T20:10:21Z,SYN-00674,channel=chat,refund-v2,0.001,0.5,no,no
2026-09-16T20:13:23Z,SYN-01360,channel=chat,refund-v2,0.988,0.5,yes,yes
2026-09-16T20:38:12Z,SYN-00220,channel=chat,refund-v2,0.972,0.5,yes,yes
2026-09-16T21:30:38Z,SYN-01366,channel=email,refund-v2,0.001,0.5,no,no
2026-09-16T22:33:18Z,SYN-00171,channel=chat,refund-v2,0.001,0.5,no,no
2026-09-16T23:01:27Z,SYN-01487,channel=email,refund-v2,0.001,0.5,no,no
2026-09-16T23:43:03Z,SYN-01657,channel=chat,refund-v2,0.001,0.5,no,no
2026-09-17T00:46:23Z,SYN-02092,channel=email,refund-v2,0.026,0.5,no,no
2026-09-17T02:04:22Z,SYN-01692,channel=email,refund-v2,0.964,0.5,yes,yes
2026-09-17T02:13:36Z,SYN-02036,channel=email,refund-v2,0.002,0.5,no,no
2026-09-17T02:27:27Z,SYN-00880,channel=email,refund-v2,0.066,0.5,no,yes
2026-09-17T02:44:34Z,SYN-00552,channel=chat,refund-v2,0.053,0.5,no,no
2026-09-17T03:01:26Z,SYN-00456,channel=chat,refund-v2,0.999,0.5,yes,yes
2026-09-17T05:11:59Z,SYN-01064,channel=chat,refund-v2,0.999,0.5,yes,yes
2026-09-17T05:19:20Z,SYN-02270,channel=email,refund-v2,0.004,0.5,no,no
2026-09-17T05:43:15Z,SYN-00713,channel=chat,refund-v2,0.995,0.5,yes,yes
2026-09-17T05:48:24Z,SYN-00920,channel=email,refund-v2,0.001,0.5,no,no
2026-09-17T05:50:20Z,SYN-02120,channel=email,refund-v2,0.001,0.5,no,no
2026-09-17T06:17:02Z,SYN-01572,channel=chat,refund-v2,0.999,0.5,yes,yes
2026-09-17T06:42:31Z,SYN-01323,channel=email,refund-v2,0.999,0.5,yes,yes
2026-09-17T07:17:32Z,SYN-00046,channel=email,refund-v2,0.845,0.5,yes,yes
2026-09-17T07:29:33Z,SYN-01737,channel=chat,refund-v2,0.982,0.5,yes,no
2026-09-17T08:09:57Z,SYN-01094,channel=email,refund-v2,0.091,0.5,no,no
2026-09-17T08:11:52Z,SYN-00896,channel=email,refund-v2,0.001,0.5,no,no
2026-09-17T08:32:38Z,SYN-01774,channel=email,refund-v2,0.014,0.5,no,no
2026-09-17T08:49:17Z,SYN-02100,channel=email,refund-v2,0.001,0.5,no,no
2026-09-17T08:57:10Z,SYN-00237,channel=chat,refund-v2,0.045,0.5,no,no
2026-09-17T09:53:25Z,SYN-00801,channel=chat,refund-v2,0.001,0.5,no,no
2026-09-17T10:18:28Z,SYN-02158,channel=chat,refund-v2,0.996,0.5,yes,yes
2026-09-17T10:41:49Z,SYN-01011,channel=email,refund-v2,0.999,0.5,yes,yes
2026-09-17T10:51:11Z,SYN-00278,channel=email,refund-v2,0.999,0.5,yes,yes
2026-09-17T10:52:03Z,SYN-00195,channel=email,refund-v2,0.962,0.5,yes,yes
2026-09-17T11:56:24Z,SYN-00140,channel=chat,refund-v2,0.827,0.5,yes,yes
2026-09-17T12:15:33Z,SYN-00659,channel=email,refund-v2,0.550,0.5,yes,no
2026-09-17T13:22:27Z,SYN-01500,channel=email,refund-v2,0.995,0.5,yes,yes
2026-09-17T14:13:49Z,SYN-01140,channel=chat,refund-v2,0.013,0.5,no,no
2026-09-17T14:26:55Z,SYN-02388,channel=email,refund-v2,0.947,0.5,yes,no
2026-09-17T15:57:12Z,SYN-02045,channel=chat,refund-v2,0.001,0.5,no,no
2026-09-17T16:06:35Z,SYN-01540,channel=chat,refund-v2,0.985,0.5,yes,yes
2026-09-17T17:13:32Z,SYN-00563,channel=chat,refund-v2,0.552,0.5,yes,no
2026-09-17T17:51:55Z,SYN-01776,channel=phone,refund-v2,0.999,0.5,yes,yes
2026-09-17T17:54:31Z,SYN-00567,channel=email,refund-v2,0.314,0.5,no,no
2026-09-17T18:04:53Z,SYN-01574,channel=email,refund-v2,0.564,0.5,yes,yes
2026-09-17T19:46:44Z,SYN-00566,channel=email,refund-v2,0.911,0.5,yes,yes
2026-09-17T19:48:24Z,SYN-02324,channel=chat,refund-v2,0.999,0.5,yes,yes
2026-09-17T20:00:26Z,SYN-02337,channel=chat,refund-v2,0.032,0.5,no,no
2026-09-17T20:08:51Z,SYN-01208,channel=email,refund-v2,0.913,0.5,yes,yes
2026-09-17T20:27:53Z,SYN-01280,channel=email,refund-v2,0.001,0.5,no,no
2026-09-17T20:55:55Z,SYN-00108,channel=chat,refund-v2,0.007,0.5,no,no
2026-09-17T20:57:55Z,SYN-01622,channel=chat,refund-v2,0.017,0.5,no,no
2026-09-17T21:49:20Z,SYN-01347,channel=chat,refund-v2,0.004,0.5,no,no
2026-09-17T22:25:18Z,SYN-00835,channel=chat,refund-v2,0.087,0.5,no,no
2026-09-17T22:40:10Z,SYN-00574,channel=email,refund-v2,0.002,0.5,no,no
2026-09-17T22:40:43Z,SYN-00506,channel=email,refund-v2,0.001,0.5,no,no
2026-09-17T23:35:36Z,SYN-02397,channel=email,refund-v2,0.031,0.5,no,no
2026-09-18T01:24:08Z,SYN-01164,channel=chat,refund-v2,0.979,0.5,yes,no
2026-09-18T01:55:51Z,SYN-02187,channel=chat,refund-v2,0.999,0.5,yes,yes
2026-09-18T03:25:56Z,SYN-00385,channel=chat,refund-v2,0.001,0.5,no,no
2026-09-18T03:41:01Z,SYN-01955,channel=chat,refund-v2,0.999,0.5,yes,yes
2026-09-18T03:45:34Z,SYN-00512,channel=chat,refund-v2,0.129,0.5,no,no
2026-09-18T04:02:54Z,SYN-01294,channel=chat,refund-v2,0.999,0.5,yes,yes
2026-09-18T04:08:44Z,SYN-00683,channel=email,refund-v2,0.001,0.5,no,no
2026-09-18T05:44:44Z,SYN-00761,channel=email,refund-v2,0.004,0.5,no,yes
2026-09-18T07:38:02Z,SYN-00751,channel=email,refund-v2,0.001,0.5,no,no
2026-09-18T09:42:56Z,SYN-02165,channel=chat,refund-v2,0.004,0.5,no,no
2026-09-18T09:51:25Z,SYN-01975,channel=email,refund-v2,0.001,0.5,no,no
2026-09-18T10:41:26Z,SYN-01051,channel=email,refund-v2,0.011,0.5,no,no
2026-09-18T11:25:11Z,SYN-01901,channel=email,refund-v2,0.382,0.5,no,yes
2026-09-18T11:47:56Z,SYN-00421,channel=chat,refund-v2,0.962,0.5,yes,yes
2026-09-18T12:48:58Z,SYN-00997,channel=chat,refund-v2,0.999,0.5,yes,yes
2026-09-18T12:55:00Z,SYN-01315,channel=email,refund-v2,0.006,0.5,no,no
2026-09-18T13:05:36Z,SYN-00240,channel=chat,refund-v2,0.188,0.5,no,no
2026-09-18T14:50:55Z,SYN-02381,channel=chat,refund-v2,0.736,0.5,yes,yes
2026-09-18T14:54:27Z,SYN-02363,channel=email,refund-v2,0.001,0.5,no,no
2026-09-18T16:29:50Z,SYN-00972,channel=email,refund-v2,0.002,0.5,no,no
2026-09-18T17:12:29Z,SYN-00225,channel=email,refund-v2,0.999,0.5,yes,yes
2026-09-18T17:45:17Z,SYN-00775,channel=chat,refund-v2,0.999,0.5,yes,yes
2026-09-18T18:04:07Z,SYN-00769,channel=email,refund-v2,0.530,0.5,yes,no
2026-09-18T18:32:39Z,SYN-00734,channel=email,refund-v2,0.001,0.5,no,no
2026-09-18T18:57:20Z,SYN-00928,channel=email,refund-v2,0.725,0.5,yes,yes
2026-09-18T19:38:32Z,SYN-01047,channel=email,refund-v2,0.970,0.5,yes,yes
2026-09-18T19:52:34Z,SYN-02358,channel=chat,refund-v2,0.030,0.5,no,yes
2026-09-18T21:04:20Z,SYN-00772,channel=chat,refund-v2,0.345,0.5,no,no
2026-09-18T21:11:52Z,SYN-00817,channel=email,refund-v2,0.998,0.5,yes,yes
2026-09-18T21:58:07Z,SYN-01933,channel=chat,refund-v2,0.660,0.5,yes,no
2026-09-18T22:06:12Z,SYN-01952,channel=email,refund-v2,0.998,0.5,yes,yes
2026-09-18T23:05:28Z,SYN-00976,channel=email,refund-v2,0.001,0.5,no,no
2026-09-18T23:34:58Z,SYN-00524,channel=chat,refund-v2,0.999,0.5,yes,yes
2026-09-19T00:04:44Z,SYN-01978,channel=email,refund-v2,0.999,0.5,yes,yes
2026-09-19T00:38:17Z,SYN-02110,channel=chat,refund-v2,0.999,0.5,yes,yes
2026-09-19T01:30:41Z,SYN-00999,channel=email,refund-v2,0.008,0.5,no,no
2026-09-19T02:32:57Z,SYN-02113,channel=email,refund-v2,0.999,0.5,yes,yes
2026-09-19T03:18:51Z,SYN-02259,channel=chat,refund-v2,0.821,0.5,yes,yes
2026-09-19T04:29:45Z,SYN-00063,channel=chat,refund-v2,0.498,0.5,no,no
2026-09-19T04:39:33Z,SYN-02017,channel=chat,refund-v2,0.988,0.5,yes,yes
2026-09-19T05:06:46Z,SYN-00960,channel=email,refund-v2,0.980,0.5,yes,yes
2026-09-19T05:06:55Z,SYN-00068,channel=email,refund-v2,0.158,0.5,no,no
2026-09-19T05:57:58Z,SYN-00263,channel=email,refund-v2,0.015,0.5,no,no
2026-09-19T06:34:26Z,SYN-01256,channel=email,refund-v2,0.002,0.5,no,no
2026-09-19T07:03:59Z,SYN-01260,channel=chat,refund-v2,0.999,0.5,yes,yes
2026-09-19T08:08:51Z,SYN-00591,channel=email,refund-v2,0.999,0.5,yes,yes
2026-09-19T08:27:55Z,SYN-00467,channel=chat,refund-v2,0.034,0.5,no,no
2026-09-19T08:35:24Z,SYN-00244,channel=chat,refund-v2,0.191,0.5,no,no
2026-09-19T08:44:55Z,SYN-01592,channel=email,refund-v2,0.298,0.5,no,no
2026-09-19T08:55:19Z,SYN-00192,channel=email,refund-v2,0.115,0.5,no,no
2026-09-19T09:02:16Z,SYN-00867,channel=chat,refund-v2,0.001,0.5,no,no
2026-09-19T09:32:31Z,SYN-01054,channel=email,refund-v2,0.999,0.5,yes,yes
2026-09-19T09:36:08Z,SYN-00909,channel=email,refund-v2,0.001,0.5,no,no
2026-09-19T09:57:54Z,SYN-01600,channel=email,refund-v2,0.998,0.5,yes,yes
2026-09-19T10:37:20Z,SYN-01209,channel=phone,refund-v2,0.768,0.5,yes,yes
2026-09-19T13:59:58Z,SYN-01186,channel=chat,refund-v2,0.002,0.5,no,no
2026-09-19T14:52:31Z,SYN-00321,channel=email,refund-v2,0.023,0.5,no,no
2026-09-19T17:34:25Z,SYN-01820,channel=email,refund-v2,0.010,0.5,no,no
2026-09-19T17:46:12Z,SYN-01722,channel=chat,refund-v2,0.001,0.5,no,no
2026-09-19T17:52:03Z,SYN-00354,channel=email,refund-v2,0.968,0.5,yes,yes
2026-09-19T18:07:56Z,SYN-01004,channel=email,refund-v2,0.289,0.5,no,no
2026-09-19T18:32:22Z,SYN-00437,channel=chat,refund-v2,0.998,0.5,yes,yes
2026-09-19T18:46:23Z,SYN-02367,channel=chat,refund-v2,0.267,0.5,no,no
2026-09-19T19:10:51Z,SYN-01872,channel=chat,refund-v2,0.548,0.5,yes,yes
2026-09-19T19:46:46Z,SYN-01306,channel=email,refund-v2,0.663,0.5,yes,no
2026-09-19T20:01:39Z,SYN-02058,channel=email,refund-v2,0.999,0.5,yes,yes
2026-09-19T20:20:17Z,SYN-00980,channel=email,refund-v2,0.213,0.5,no,yes
2026-09-19T20:44:44Z,SYN-00805,channel=email,refund-v2,0.006,0.5,no,no
2026-09-19T20:56:48Z,SYN-01676,channel=chat,refund-v2,0.029,0.5,no,no
2026-09-19T22:13:41Z,SYN-00503,channel=email,refund-v2,0.989,0.5,yes,yes
2026-09-19T22:27:22Z,SYN-02062,channel=chat,refund-v2,0.998,0.5,yes,yes
2026-09-19T22:38:26Z,SYN-00946,channel=chat,refund-v2,0.859,0.5,yes,no
2026-09-19T23:41:39Z,SYN-01349,channel=email,refund-v2,0.025,0.5,no,no
2026-09-20T02:05:27Z,SYN-01408,channel=email,refund-v2,0.159,0.5,no,no
2026-09-20T02:32:48Z,SYN-00340,channel=email,refund-v2,0.001,0.5,no,no
2026-09-20T03:14:58Z,SYN-00155,channel=email,refund-v2,0.001,0.5,no,no
2026-09-20T03:16:57Z,SYN-00677,channel=chat,refund-v2,0.003,0.5,no,no
2026-09-20T03:51:15Z,SYN-02244,channel=email,refund-v2,0.998,0.5,yes,no
2026-09-20T03:54:07Z,SYN-02134,channel=email,refund-v2,0.501,0.5,yes,no
2026-09-20T04:12:22Z,SYN-01086,channel=email,refund-v2,0.990,0.5,yes,yes
2026-09-20T04:38:05Z,SYN-02219,channel=chat,refund-v2,0.369,0.5,no,no
2026-09-20T05:33:02Z,SYN-01595,channel=chat,refund-v2,0.806,0.5,yes,no
2026-09-20T06:24:57Z,SYN-00501,channel=chat,refund-v2,0.001,0.5,no,no
2026-09-20T06:25:20Z,SYN-02131,channel=email,refund-v2,0.871,0.5,yes,yes
2026-09-20T06:37:30Z,SYN-00840,channel=chat,refund-v2,0.046,0.5,no,no
2026-09-20T09:01:29Z,SYN-01895,channel=email,refund-v2,0.001,0.5,no,no
2026-09-20T09:16:37Z,SYN-00426,channel=chat,refund-v2,0.001,0.5,no,no
2026-09-20T10:44:47Z,SYN-00823,channel=email,refund-v2,0.015,0.5,no,no
2026-09-20T11:22:46Z,SYN-00161,channel=chat,refund-v2,0.998,0.5,yes,yes
2026-09-20T11:37:52Z,SYN-00472,channel=email,refund-v2,0.999,0.5,yes,yes
2026-09-20T14:24:56Z,SYN-00322,channel=email,refund-v2,0.287,0.5,no,yes
2026-09-20T14:30:44Z,SYN-00708,channel=email,refund-v2,0.007,0.5,no,no
2026-09-20T14:36:57Z,SYN-00538,channel=email,refund-v2,0.995,0.5,yes,yes
2026-09-20T14:39:37Z,SYN-01196,channel=email,refund-v2,0.018,0.5,no,no
2026-09-20T14:59:38Z,SYN-01817,channel=chat,refund-v2,0.001,0.5,no,no
2026-09-20T15:02:52Z,SYN-01661,channel=email,refund-v2,0.960,0.5,yes,yes
2026-09-20T15:15:29Z,SYN-00998,channel=phone,refund-v2,0.999,0.5,yes,yes
2026-09-20T16:31:55Z,SYN-00352,channel=chat,refund-v2,0.808,0.5,yes,yes
2026-09-20T16:52:33Z,SYN-00138,channel=chat,refund-v2,0.093,0.5,no,no
2026-09-20T17:03:07Z,SYN-00121,channel=chat,refund-v2,0.014,0.5,no,no
2026-09-20T18:52:51Z,SYN-01927,channel=chat,refund-v2,0.836,0.5,yes,yes
2026-09-20T20:29:36Z,SYN-00076,channel=chat,refund-v2,0.999,0.5,yes,yes
2026-09-20T21:31:34Z,SYN-02312,channel=email,refund-v2,0.006,0.5,no,no
2026-09-20T22:54:07Z,SYN-01314,channel=email,refund-v2,0.311,0.5,no,no
2026-09-20T23:00:45Z,SYN-01748,channel=chat,refund-v2,0.016,0.5,no,no
2026-09-21T00:02:04Z,SYN-01899,channel=chat,refund-v2,0.011,0.5,no,no
2026-09-21T00:07:45Z,SYN-00844,channel=email,refund-v2,0.001,0.5,no,no
2026-09-21T00:25:23Z,SYN-02348,channel=email,refund-v2,0.032,0.5,no,no
2026-09-21T00:32:33Z,SYN-02260,channel=email,refund-v2,0.001,0.5,no,no
2026-09-21T02:02:52Z,SYN-02216,channel=chat,refund-v2,0.001,0.5,no,no
2026-09-21T03:21:47Z,SYN-00682,channel=email,refund-v2,0.745,0.5,yes,no
2026-09-21T03:21:50Z,SYN-00918,channel=email,refund-v2,0.001,0.5,no,no
2026-09-21T04:07:22Z,SYN-00416,channel=email,refund-v2,0.933,0.5,yes,yes
2026-09-21T04:34:22Z,SYN-02357,channel=email,refund-v2,0.985,0.5,yes,yes
2026-09-21T04:58:03Z,SYN-01877,channel=chat,refund-v2,0.035,0.5,no,no
2026-09-21T04:59:42Z,SYN-00796,channel=email,refund-v2,0.001,0.5,no,no
2026-09-21T05:53:00Z,SYN-01006,channel=email,refund-v2,0.931,0.5,yes,no
2026-09-21T06:26:42Z,SYN-01319,channel=email,refund-v2,0.999,0.5,yes,yes
2026-09-21T06:29:17Z,SYN-00895,channel=email,refund-v2,0.001,0.5,no,no
2026-09-21T06:54:26Z,SYN-01644,channel=email,refund-v2,0.001,0.5,no,no
2026-09-21T07:23:01Z,SYN-00781,channel=chat,refund-v2,0.999,0.5,yes,yes
2026-09-21T07:45:39Z,SYN-00134,channel=email,refund-v2,0.001,0.5,no,no
2026-09-21T08:20:00Z,SYN-00391,channel=chat,refund-v2,0.001,0.5,no,no
2026-09-21T09:18:25Z,SYN-00635,channel=email,refund-v2,0.009,0.5,no,no
2026-09-21T10:02:00Z,SYN-00854,channel=email,refund-v2,0.019,0.5,no,no
2026-09-21T10:07:34Z,SYN-00051,channel=email,refund-v2,0.905,0.5,yes,yes
2026-09-21T11:06:57Z,SYN-01932,channel=email,refund-v2,0.001,0.5,no,no
2026-09-21T11:17:35Z,SYN-00302,channel=chat,refund-v2,0.016,0.5,no,no
2026-09-21T11:20:16Z,SYN-00177,channel=chat,refund-v2,0.006,0.5,no,no
2026-09-21T11:39:13Z,SYN-00950,channel=email,refund-v2,0.003,0.5,no,no
2026-09-21T12:58:05Z,SYN-01327,channel=phone,refund-v2,0.999,0.5,yes,yes
2026-09-21T13:11:21Z,SYN-00575,channel=email,refund-v2,0.001,0.5,no,no
2026-09-21T14:13:15Z,SYN-02385,channel=email,refund-v2,0.001,0.5,no,no
2026-09-21T14:59:51Z,SYN-01944,channel=chat,refund-v2,0.047,0.5,no,no
2026-09-21T15:12:46Z,SYN-00891,channel=chat,refund-v2,0.001,0.5,no,no
2026-09-21T15:44:22Z,SYN-00664,channel=phone,refund-v2,0.001,0.5,no,no
2026-09-21T15:48:23Z,SYN-01693,channel=email,refund-v2,0.001,0.5,no,no
2026-09-21T17:59:19Z,SYN-02205,channel=chat,refund-v2,0.005,0.5,no,no
2026-09-21T18:04:10Z,SYN-00661,channel=email,refund-v2,0.014,0.5,no,no
2026-09-21T18:33:34Z,SYN-01599,channel=email,refund-v2,0.001,0.5,no,no
2026-09-21T18:56:33Z,SYN-01099,channel=email,refund-v2,0.971,0.5,yes,yes
2026-09-21T19:07:52Z,SYN-00250,channel=email,refund-v2,0.001,0.5,no,no
2026-09-21T19:18:53Z,SYN-01558,channel=chat,refund-v2,0.043,0.5,no,no
2026-09-21T19:49:19Z,SYN-00438,channel=email,refund-v2,0.001,0.5,no,no
2026-09-21T20:37:22Z,SYN-01565,channel=email,refund-v2,0.310,0.5,no,no
2026-09-21T21:54:00Z,SYN-00202,channel=chat,refund-v2,0.807,0.5,yes,no
2026-09-21T21:59:12Z,SYN-01023,channel=email,refund-v2,0.992,0.5,yes,yes
2026-09-21T22:00:59Z,SYN-00455,channel=email,refund-v2,0.004,0.5,no,no
2026-09-21T22:26:10Z,SYN-00719,channel=email,refund-v2,0.002,0.5,no,no
2026-09-21T23:02:38Z,SYN-02004,channel=email,refund-v2,0.033,0.5,no,no
2026-09-21T23:06:36Z,SYN-00241,channel=email,refund-v2,0.007,0.5,no,no
2026-09-21T23:36:56Z,SYN-01922,channel=email,refund-v2,0.993,0.5,yes,yes
2026-09-22T00:09:27Z,SYN-02360,channel=chat,refund-v2,0.003,0.5,no,no
2026-09-22T01:06:46Z,SYN-01429,channel=email,refund-v2,0.001,0.5,no,no
2026-09-22T01:46:22Z,SYN-02096,channel=email,refund-v2,0.034,0.5,no,no
2026-09-22T02:11:21Z,SYN-02030,channel=email,refund-v2,0.999,0.5,yes,yes
2026-09-22T04:59:41Z,SYN-00743,channel=chat,refund-v2,0.004,0.5,no,no
2026-09-22T05:09:44Z,SYN-02137,channel=chat,refund-v2,0.010,0.5,no,no
2026-09-22T05:33:04Z,SYN-01619,channel=email,refund-v2,0.979,0.5,yes,yes
2026-09-22T05:43:30Z,SYN-01416,channel=chat,refund-v2,0.999,0.5,yes,yes
2026-09-22T06:13:16Z,SYN-02354,channel=email,refund-v2,0.001,0.5,no,no
2026-09-22T06:37:04Z,SYN-01243,channel=email,refund-v2,0.947,0.5,yes,yes
2026-09-22T07:27:08Z,SYN-00337,channel=chat,refund-v2,0.999,0.5,yes,yes
2026-09-22T07:31:36Z,SYN-00182,channel=email,refund-v2,0.130,0.5,no,yes
2026-09-22T07:38:18Z,SYN-00404,channel=email,refund-v2,0.001,0.5,no,no
2026-09-22T09:35:40Z,SYN-01767,channel=email,refund-v2,0.001,0.5,no,no
2026-09-22T10:19:49Z,SYN-00314,channel=chat,refund-v2,0.001,0.5,no,no
2026-09-22T11:33:48Z,SYN-01090,channel=chat,refund-v2,0.005,0.5,no,no
2026-09-22T11:54:15Z,SYN-01781,channel=email,refund-v2,0.837,0.5,yes,no
2026-09-22T12:19:44Z,SYN-01179,channel=email,refund-v2,0.001,0.5,no,no
2026-09-22T12:50:08Z,SYN-00693,channel=chat,refund-v2,0.997,0.5,yes,yes
2026-09-22T13:42:22Z,SYN-01229,channel=chat,refund-v2,0.998,0.5,yes,yes
2026-09-22T13:52:35Z,SYN-00262,channel=chat,refund-v2,0.953,0.5,yes,yes
2026-09-22T14:50:28Z,SYN-00457,channel=chat,refund-v2,0.007,0.5,no,yes
2026-09-22T14:52:27Z,SYN-00330,channel=chat,refund-v2,0.628,0.5,yes,no
2026-09-22T14:58:46Z,SYN-01499,channel=email,refund-v2,0.949,0.5,yes,yes
2026-09-22T15:40:09Z,SYN-02109,channel=email,refund-v2,0.019,0.5,no,no
2026-09-22T15:44:44Z,SYN-01733,channel=email,refund-v2,0.782,0.5,yes,yes
2026-09-22T16:20:34Z,SYN-00985,channel=chat,refund-v2,0.988,0.5,yes,yes
2026-09-22T16:55:54Z,SYN-00480,channel=chat,refund-v2,0.411,0.5,no,yes
2026-09-22T17:15:37Z,SYN-01320,channel=email,refund-v2,0.961,0.5,yes,yes
2026-09-22T17:20:43Z,SYN-00794,channel=phone,refund-v2,0.086,0.5,no,no
2026-09-22T17:25:11Z,SYN-01659,channel=email,refund-v2,0.999,0.5,yes,yes
2026-09-22T17:45:33Z,SYN-01152,channel=email,refund-v2,0.999,0.5,yes,yes
2026-09-22T17:58:24Z,SYN-01107,channel=email,refund-v2,0.996,0.5,yes,yes
2026-09-22T18:36:02Z,SYN-01579,channel=email,refund-v2,0.955,0.5,yes,yes
2026-09-22T18:38:41Z,SYN-02090,channel=email,refund-v2,0.006,0.5,no,no
2026-09-22T18:45:08Z,SYN-01384,channel=email,refund-v2,0.999,0.5,yes,yes
2026-09-22T18:49:32Z,SYN-01910,channel=email,refund-v2,0.999,0.5,yes,yes
2026-09-22T19:34:27Z,SYN-00694,channel=email,refund-v2,0.001,0.5,no,no
2026-09-22T19:49:56Z,SYN-01346,channel=chat,refund-v2,0.999,0.5,yes,yes
2026-09-22T19:51:31Z,SYN-00633,channel=email,refund-v2,0.001,0.5,no,no
2026-09-22T20:02:46Z,SYN-01300,channel=chat,refund-v2,0.006,0.5,no,no
2026-09-22T20:10:45Z,SYN-02207,channel=chat,refund-v2,0.002,0.5,no,no
2026-09-22T21:59:43Z,SYN-01207,channel=chat,refund-v2,0.077,0.5,no,no
2026-09-22T22:27:58Z,SYN-00358,channel=email,refund-v2,0.342,0.5,no,no
2026-09-22T22:33:35Z,SYN-00606,channel=chat,refund-v2,0.552,0.5,yes,yes
2026-09-23T00:13:01Z,SYN-00841,channel=email,refund-v2,0.991,0.5,yes,yes
2026-09-23T01:28:05Z,SYN-01486,channel=email,refund-v2,0.033,0.5,no,no
2026-09-23T01:34:08Z,SYN-02199,channel=email,refund-v2,0.999,0.5,yes,yes
2026-09-23T01:48:29Z,SYN-02334,channel=chat,refund-v2,0.496,0.5,no,no
2026-09-23T02:08:48Z,SYN-00226,channel=chat,refund-v2,0.001,0.5,no,no
2026-09-23T03:00:05Z,SYN-00868,channel=email,refund-v2,0.844,0.5,yes,yes
2026-09-23T05:07:03Z,SYN-01566,channel=email,refund-v2,0.001,0.5,no,no
2026-09-23T05:11:42Z,SYN-02111,channel=email,refund-v2,0.013,0.5,no,yes
2026-09-23T05:30:17Z,SYN-01162,channel=phone,refund-v2,0.001,0.5,no,no
2026-09-23T05:30:54Z,SYN-00498,channel=chat,refund-v2,0.001,0.5,no,no
2026-09-23T05:45:55Z,SYN-01330,channel=chat,refund-v2,0.001,0.5,no,no
2026-09-23T06:14:00Z,SYN-01886,channel=email,refund-v2,0.001,0.5,no,no
2026-09-23T06:15:40Z,SYN-01907,channel=chat,refund-v2,0.018,0.5,no,no
2026-09-23T06:20:51Z,SYN-02086,channel=chat,refund-v2,0.996,0.5,yes,yes
2026-09-23T06:42:06Z,SYN-01919,channel=email,refund-v2,0.999,0.5,yes,yes
2026-09-23T07:41:35Z,SYN-00558,channel=email,refund-v2,0.823,0.5,yes,yes
2026-09-23T09:09:51Z,SYN-01723,channel=email,refund-v2,0.001,0.5,no,no
2026-09-23T09:22:56Z,SYN-00952,channel=email,refund-v2,0.524,0.5,yes,no
2026-09-23T09:49:20Z,SYN-02021,channel=email,refund-v2,0.999,0.5,yes,yes
2026-09-23T10:37:48Z,SYN-01237,channel=email,refund-v2,0.999,0.5,yes,yes
2026-09-23T12:09:28Z,SYN-01773,channel=email,refund-v2,0.134,0.5,no,no
2026-09-23T12:41:19Z,SYN-00065,channel=email,refund-v2,0.999,0.5,yes,yes
2026-09-23T13:30:08Z,SYN-01271,channel=chat,refund-v2,0.991,0.5,yes,no
2026-09-23T14:00:22Z,SYN-01257,channel=chat,refund-v2,0.001,0.5,no,no
2026-09-23T14:33:41Z,SYN-01030,channel=chat,refund-v2,0.999,0.5,yes,yes
2026-09-23T19:29:43Z,SYN-00515,channel=chat,refund-v2,0.009,0.5,no,no
2026-09-23T19:43:54Z,SYN-00114,channel=email,refund-v2,0.999,0.5,yes,yes
2026-09-23T20:51:19Z,SYN-00037,channel=chat,refund-v2,0.233,0.5,no,no
2026-09-23T22:07:29Z,SYN-01668,channel=email,refund-v2,0.001,0.5,no,no
2026-09-23T22:17:17Z,SYN-00749,channel=chat,refund-v2,0.864,0.5,yes,yes
2026-09-23T22:37:18Z,SYN-01472,channel=email,refund-v2,0.970,0.5,yes,yes
2026-09-23T22:54:54Z,SYN-00100,channel=email,refund-v2,0.024,0.5,no,no
2026-09-23T22:55:40Z,SYN-00948,channel=email,refund-v2,0.997,0.5,yes,yes
2026-09-23T23:17:14Z,SYN-00518,channel=email,refund-v2,0.999,0.5,yes,yes
2026-09-23T23:22:06Z,SYN-00018,channel=email,refund-v2,0.999,0.5,yes,yes
2026-09-24T00:38:25Z,SYN-00874,channel=chat,refund-v2,0.001,0.5,no,no
2026-09-24T00:50:47Z,SYN-00083,channel=chat,refund-v2,0.001,0.5,no,no
2026-09-24T00:57:45Z,SYN-02176,channel=email,refund-v2,0.940,0.5,yes,no
2026-09-24T01:33:10Z,SYN-01211,channel=email,refund-v2,0.021,0.5,no,no
2026-09-24T01:37:39Z,SYN-01911,channel=email,refund-v2,0.001,0.5,no,no
2026-09-24T02:23:34Z,SYN-00355,channel=email,refund-v2,0.992,0.5,yes,yes
2026-09-24T02:42:13Z,SYN-00924,channel=email,refund-v2,0.002,0.5,no,no
2026-09-24T03:10:55Z,SYN-02289,channel=email,refund-v2,0.002,0.5,no,no
2026-09-24T04:57:18Z,SYN-01316,channel=email,refund-v2,0.692,0.5,yes,no
2026-09-24T05:11:51Z,SYN-01609,channel=email,refund-v2,0.999,0.5,yes,yes
2026-09-24T06:50:52Z,SYN-01535,channel=email,refund-v2,0.794,0.5,yes,yes
2026-09-24T06:58:54Z,SYN-01546,channel=email,refund-v2,0.999,0.5,yes,yes
2026-09-24T07:03:40Z,SYN-02246,channel=email,refund-v2,0.999,0.5,yes,yes
2026-09-24T07:09:39Z,SYN-01675,channel=email,refund-v2,0.001,0.5,no,no
2026-09-24T07:44:30Z,SYN-00990,channel=email,refund-v2,0.001,0.5,no,no
2026-09-24T08:38:59Z,SYN-02396,channel=chat,refund-v2,0.150,0.5,no,no
2026-09-24T08:51:40Z,SYN-01826,channel=email,refund-v2,0.037,0.5,no,no
2026-09-24T09:00:29Z,SYN-02305,channel=chat,refund-v2,0.524,0.5,yes,yes
2026-09-24T10:09:33Z,SYN-01069,channel=email,refund-v2,0.001,0.5,no,no
2026-09-24T11:20:55Z,SYN-01261,channel=chat,refund-v2,0.999,0.5,yes,yes
2026-09-24T12:01:13Z,SYN-00039,channel=chat,refund-v2,0.001,0.5,no,no
2026-09-24T12:04:59Z,SYN-01993,channel=chat,refund-v2,0.996,0.5,yes,yes
2026-09-24T12:14:30Z,SYN-01183,channel=email,refund-v2,0.099,0.5,no,no
2026-09-24T12:51:50Z,SYN-01762,channel=chat,refund-v2,0.989,0.5,yes,yes
2026-09-24T14:15:45Z,SYN-01328,channel=email,refund-v2,0.006,0.5,no,no
2026-09-24T14:37:19Z,SYN-01561,channel=email,refund-v2,0.002,0.5,no,no
2026-09-24T15:34:28Z,SYN-02224,channel=email,refund-v2,0.001,0.5,no,no
2026-09-24T16:00:28Z,SYN-01368,channel=chat,refund-v2,0.023,0.5,no,yes
2026-09-24T16:23:10Z,SYN-01841,channel=chat,refund-v2,0.003,0.5,no,no
2026-09-24T16:31:13Z,SYN-00473,channel=chat,refund-v2,0.463,0.5,no,no
2026-09-24T16:37:21Z,SYN-02251,channel=email,refund-v2,0.921,0.5,yes,yes
2026-09-24T16:40:24Z,SYN-01410,channel=chat,refund-v2,0.998,0.5,yes,yes
2026-09-24T17:44:26Z,SYN-01915,channel=chat,refund-v2,0.001,0.5,no,no
2026-09-24T19:30:52Z,SYN-02361,channel=email,refund-v2,0.998,0.5,yes,yes
2026-09-24T20:03:55Z,SYN-02377,channel=chat,refund-v2,0.337,0.5,no,no
2026-09-24T20:38:18Z,SYN-00696,channel=email,refund-v2,0.400,0.5,no,yes
2026-09-24T20:43:42Z,SYN-01464,channel=email,refund-v2,0.831,0.5,yes,yes
2026-09-24T20:58:02Z,SYN-00221,channel=email,refund-v2,0.989,0.5,yes,yes
2026-09-24T21:13:40Z,SYN-02166,channel=chat,refund-v2,0.001,0.5,no,no
2026-09-24T21:49:53Z,SYN-00005,channel=chat,refund-v2,0.013,0.5,no,no
2026-09-24T21:54:59Z,SYN-01210,channel=chat,refund-v2,0.894,0.5,yes,yes
2026-09-24T22:00:02Z,SYN-01114,channel=email,refund-v2,0.001,0.5,no,no
2026-09-24T22:15:25Z,SYN-00555,channel=chat,refund-v2,0.999,0.5,yes,yes
2026-09-24T23:02:48Z,SYN-00376,channel=chat,refund-v2,0.999,0.5,yes,yes
2026-09-25T00:28:16Z,SYN-01163,channel=email,refund-v2,0.990,0.5,yes,yes
2026-09-25T00:46:12Z,SYN-02310,channel=email,refund-v2,0.995,0.5,yes,yes
2026-09-25T00:46:55Z,SYN-01900,channel=chat,refund-v2,0.001,0.5,no,no
2026-09-25T02:31:30Z,SYN-00686,channel=chat,refund-v2,0.001,0.5,no,no
2026-09-25T02:47:26Z,SYN-01038,channel=chat,refund-v2,0.969,0.5,yes,yes
2026-09-25T02:48:07Z,SYN-01185,channel=chat,refund-v2,0.020,0.5,no,no
2026-09-25T02:51:03Z,SYN-00679,channel=email,refund-v2,0.003,0.5,no,no
2026-09-25T03:05:01Z,SYN-00150,channel=chat,refund-v2,0.799,0.5,yes,no
2026-09-25T07:04:23Z,SYN-01061,channel=chat,refund-v2,0.982,0.5,yes,yes
2026-09-25T08:58:23Z,SYN-01786,channel=chat,refund-v2,0.999,0.5,yes,yes
2026-09-25T11:18:37Z,SYN-01555,channel=email,refund-v2,0.999,0.5,yes,yes
2026-09-25T13:18:47Z,SYN-02169,channel=email,refund-v2,0.999,0.5,yes,yes
2026-09-25T13:56:34Z,SYN-02253,channel=email,refund-v2,0.155,0.5,no,no
2026-09-25T14:32:18Z,SYN-01355,channel=chat,refund-v2,0.999,0.5,yes,yes
2026-09-25T14:32:53Z,SYN-02075,channel=email,refund-v2,0.001,0.5,no,no
2026-09-25T14:39:14Z,SYN-00163,channel=chat,refund-v2,0.006,0.5,no,no
2026-09-25T14:41:36Z,SYN-02389,channel=chat,refund-v2,0.453,0.5,no,no
2026-09-25T16:16:22Z,SYN-00739,channel=email,refund-v2,0.523,0.5,yes,yes
2026-09-25T16:57:59Z,SYN-01800,channel=email,refund-v2,0.686,0.5,yes,no
2026-09-25T17:03:48Z,SYN-00174,channel=chat,refund-v2,0.001,0.5,no,no
2026-09-25T17:09:53Z,SYN-00159,channel=chat,refund-v2,0.994,0.5,yes,yes
2026-09-25T17:34:59Z,SYN-00649,channel=chat,refund-v2,0.998,0.5,yes,yes
2026-09-25T18:02:18Z,SYN-01337,channel=chat,refund-v2,0.959,0.5,yes,yes
2026-09-25T18:20:29Z,SYN-00389,channel=chat,refund-v2,0.031,0.5,no,no
2026-09-25T21:30:49Z,SYN-02320,channel=email,refund-v2,0.002,0.5,no,no
2026-09-25T21:32:13Z,SYN-00585,channel=email,refund-v2,0.155,0.5,no,no
2026-09-25T21:41:47Z,SYN-01983,channel=chat,refund-v2,0.989,0.5,yes,yes
2026-09-25T21:49:08Z,SYN-00720,channel=email,refund-v2,0.999,0.5,yes,yes
2026-09-25T22:46:25Z,SYN-01010,channel=chat,refund-v2,0.002,0.5,no,no
2026-09-25T23:05:05Z,SYN-01695,channel=chat,refund-v2,0.005,0.5,no,no
2026-09-26T00:04:30Z,SYN-01048,channel=chat,refund-v2,0.044,0.5,no,no
2026-09-26T00:13:04Z,SYN-01631,channel=email,refund-v2,0.040,0.5,no,no
2026-09-26T00:35:57Z,SYN-01475,channel=chat,refund-v2,0.973,0.5,yes,yes
2026-09-26T00:48:30Z,SYN-02049,channel=email,refund-v2,0.017,0.5,no,no
2026-09-26T01:23:18Z,SYN-00292,channel=email,refund-v2,0.002,0.5,no,no
2026-09-26T01:53:39Z,SYN-00469,channel=email,refund-v2,0.999,0.5,yes,yes
2026-09-26T02:16:01Z,SYN-01199,channel=email,refund-v2,0.994,0.5,yes,yes
2026-09-26T02:26:20Z,SYN-00783,channel=chat,refund-v2,0.028,0.5,no,no
2026-09-26T02:31:49Z,SYN-01801,channel=email,refund-v2,0.322,0.5,no,no
2026-09-26T02:43:13Z,SYN-01615,channel=chat,refund-v2,0.005,0.5,no,no
2026-09-26T02:49:22Z,SYN-00842,channel=email,refund-v2,0.024,0.5,no,no
2026-09-26T02:52:42Z,SYN-00519,channel=chat,refund-v2,0.001,0.5,no,no
2026-09-26T03:15:29Z,SYN-02172,channel=phone,refund-v2,0.969,0.5,yes,yes
2026-09-26T03:42:29Z,SYN-01222,channel=email,refund-v2,0.999,0.5,yes,yes
2026-09-26T03:51:17Z,SYN-01647,channel=email,refund-v2,0.010,0.5,no,no
2026-09-26T05:42:34Z,SYN-00642,channel=email,refund-v2,0.999,0.5,yes,yes
2026-09-26T05:47:51Z,SYN-01515,channel=email,refund-v2,0.994,0.5,yes,yes
2026-09-26T06:06:29Z,SYN-01286,channel=chat,refund-v2,0.999,0.5,yes,yes
2026-09-26T06:08:10Z,SYN-00201,channel=email,refund-v2,0.002,0.5,no,no
2026-09-26T06:19:10Z,SYN-02018,channel=email,refund-v2,0.006,0.5,no,no
2026-09-26T07:31:04Z,SYN-00653,channel=email,refund-v2,0.001,0.5,no,no
2026-09-26T07:38:09Z,SYN-02274,channel=chat,refund-v2,0.999,0.5,yes,yes
2026-09-26T07:59:04Z,SYN-01914,channel=chat,refund-v2,0.995,0.5,yes,yes
2026-09-26T08:09:12Z,SYN-01142,channel=email,refund-v2,0.001,0.5,no,no
2026-09-26T08:38:45Z,SYN-01231,channel=chat,refund-v2,0.811,0.5,yes,no
2026-09-26T08:46:15Z,SYN-01891,channel=email,refund-v2,0.001,0.5,no,no
2026-09-26T08:56:47Z,SYN-00157,channel=email,refund-v2,0.556,0.5,yes,no
2026-09-26T11:30:36Z,SYN-02268,channel=chat,refund-v2,0.576,0.5,yes,no
2026-09-26T12:25:46Z,SYN-02011,channel=email,refund-v2,0.001,0.5,no,no
2026-09-26T13:07:27Z,SYN-01552,channel=email,refund-v2,0.001,0.5,no,no
2026-09-26T15:08:14Z,SYN-02154,channel=email,refund-v2,0.964,0.5,yes,yes
2026-09-26T16:11:51Z,SYN-01344,channel=chat,refund-v2,0.001,0.5,no,no
2026-09-26T16:52:33Z,SYN-02226,channel=chat,refund-v2,0.030,0.5,no,no
2026-09-26T17:08:49Z,SYN-01947,channel=email,refund-v2,0.994,0.5,yes,no
2026-09-26T17:15:17Z,SYN-00559,channel=email,refund-v2,0.999,0.5,yes,yes
2026-09-26T17:24:17Z,SYN-02237,channel=email,refund-v2,0.949,0.5,yes,yes
2026-09-26T17:34:20Z,SYN-01182,channel=email,refund-v2,0.057,0.5,no,yes
2026-09-26T19:14:48Z,SYN-00814,channel=chat,refund-v2,0.002,0.5,no,no
2026-09-26T19:22:23Z,SYN-01909,channel=chat,refund-v2,0.005,0.5,no,no
2026-09-26T21:44:53Z,SYN-02230,channel=chat,refund-v2,0.051,0.5,no,no
2026-09-26T21:47:00Z,SYN-02248,channel=email,refund-v2,0.287,0.5,no,no
2026-09-26T22:56:01Z,SYN-01116,channel=email,refund-v2,0.013,0.5,no,no
2026-09-27T00:36:41Z,SYN-01720,channel=chat,refund-v2,0.991,0.5,yes,yes
2026-09-27T00:55:27Z,SYN-01590,channel=chat,refund-v2,0.001,0.5,no,no
2026-09-27T01:31:11Z,SYN-00731,channel=email,refund-v2,0.954,0.5,yes,yes
2026-09-27T02:36:49Z,SYN-00443,channel=chat,refund-v2,0.983,0.5,yes,yes
2026-09-27T03:01:45Z,SYN-00008,channel=email,refund-v2,0.995,0.5,yes,yes
2026-09-27T03:33:46Z,SYN-01785,channel=chat,refund-v2,0.723,0.5,yes,yes
2026-09-27T03:59:17Z,SYN-02068,channel=phone,refund-v2,0.984,0.5,yes,yes
2026-09-27T04:04:49Z,SYN-01363,channel=chat,refund-v2,0.001,0.5,no,no
2026-09-27T04:11:49Z,SYN-01492,channel=chat,refund-v2,0.196,0.5,no,no
2026-09-27T04:35:15Z,SYN-00301,channel=email,refund-v2,0.308,0.5,no,no
2026-09-27T04:54:01Z,SYN-00013,channel=chat,refund-v2,0.998,0.5,yes,yes
2026-09-27T04:56:26Z,SYN-02063,channel=email,refund-v2,0.979,0.5,yes,yes
2026-09-27T05:10:58Z,SYN-00350,channel=email,refund-v2,0.001,0.5,no,no
2026-09-27T05:19:54Z,SYN-00474,channel=email,refund-v2,0.998,0.5,yes,yes
2026-09-27T05:49:22Z,SYN-00113,channel=chat,refund-v2,0.002,0.5,no,no
2026-09-27T06:10:22Z,SYN-01559,channel=chat,refund-v2,0.798,0.5,yes,no
2026-09-27T06:27:16Z,SYN-00261,channel=email,refund-v2,0.581,0.5,yes,yes
2026-09-27T06:54:11Z,SYN-01262,channel=chat,refund-v2,0.001,0.5,no,no
2026-09-27T07:14:14Z,SYN-01266,channel=email,refund-v2,0.001,0.5,no,no
2026-09-27T07:16:47Z,SYN-00996,channel=email,refund-v2,0.001,0.5,no,no
2026-09-27T07:17:32Z,SYN-00419,channel=email,refund-v2,0.288,0.5,no,no
2026-09-27T07:39:02Z,SYN-01958,channel=chat,refund-v2,0.999,0.5,yes,yes
2026-09-27T07:56:32Z,SYN-00087,channel=email,refund-v2,0.999,0.5,yes,yes
2026-09-27T09:13:02Z,SYN-00766,channel=email,refund-v2,0.225,0.5,no,yes
2026-09-27T10:54:45Z,SYN-00571,channel=chat,refund-v2,0.998,0.5,yes,yes
2026-09-27T10:55:49Z,SYN-01796,channel=chat,refund-v2,0.999,0.5,yes,yes
2026-09-27T11:00:09Z,SYN-01388,channel=chat,refund-v2,0.124,0.5,no,no
2026-09-27T12:26:55Z,SYN-00471,channel=chat,refund-v2,0.179,0.5,no,yes
2026-09-27T12:29:35Z,SYN-01639,channel=email,refund-v2,0.001,0.5,no,no
2026-09-27T12:48:29Z,SYN-01577,channel=email,refund-v2,0.001,0.5,no,no
2026-09-27T13:08:39Z,SYN-01687,channel=email,refund-v2,0.953,0.5,yes,yes
2026-09-27T14:02:17Z,SYN-01439,channel=email,refund-v2,0.458,0.5,no,no
2026-09-27T15:34:14Z,SYN-00451,channel=email,refund-v2,0.964,0.5,yes,yes
2026-09-27T15:46:27Z,SYN-01275,channel=email,refund-v2,0.999,0.5,yes,yes
2026-09-27T16:48:20Z,SYN-00748,channel=email,refund-v2,0.598,0.5,yes,yes
2026-09-27T18:06:15Z,SYN-02089,channel=email,refund-v2,0.001,0.5,no,no
2026-09-27T18:11:52Z,SYN-01278,channel=chat,refund-v2,0.207,0.5,no,no
2026-09-27T18:20:33Z,SYN-00478,channel=chat,refund-v2,0.002,0.5,no,no
2026-09-27T18:48:53Z,SYN-02182,channel=email,refund-v2,0.999,0.5,yes,yes
2026-09-27T18:51:16Z,SYN-00380,channel=email,refund-v2,0.962,0.5,yes,yes
2026-09-27T19:40:56Z,SYN-01529,channel=email,refund-v2,0.999,0.5,yes,yes
2026-09-27T20:01:33Z,SYN-00697,channel=chat,refund-v2,0.004,0.5,no,no
2026-09-27T20:45:07Z,SYN-00560,channel=chat,refund-v2,0.001,0.5,no,no
2026-09-27T23:13:51Z,SYN-00532,channel=chat,refund-v2,0.999,0.5,yes,yes
2026-09-27T23:59:52Z,SYN-02125,channel=email,refund-v2,0.001,0.5,no,no
2026-09-28T00:52:49Z,SYN-00384,channel=chat,refund-v2,0.001,0.5,no,no
2026-09-28T02:20:54Z,SYN-00504,channel=email,refund-v2,0.990,0.5,yes,yes
2026-09-28T02:28:16Z,SYN-00445,channel=chat,refund-v2,0.048,0.5,no,no
2026-09-28T02:29:03Z,SYN-01057,channel=email,refund-v2,0.147,0.5,no,yes
2026-09-28T02:29:30Z,SYN-00218,channel=email,refund-v2,0.049,0.5,no,no
2026-09-28T02:50:29Z,SYN-01842,channel=phone,refund-v2,0.008,0.5,no,no
2026-09-28T02:58:00Z,SYN-00477,channel=email,refund-v2,0.450,0.5,no,yes
2026-09-28T03:07:55Z,SYN-00070,channel=email,refund-v2,0.001,0.5,no,no
2026-09-28T03:51:14Z,SYN-01150,channel=email,refund-v2,0.058,0.5,no,no
2026-09-28T04:17:26Z,SYN-01156,channel=chat,refund-v2,0.066,0.5,no,no
2026-09-28T04:21:32Z,SYN-00444,channel=chat,refund-v2,0.987,0.5,yes,yes
2026-09-28T04:31:04Z,SYN-00726,channel=email,refund-v2,0.556,0.5,yes,yes
2026-09-28T04:35:14Z,SYN-01772,channel=email,refund-v2,0.001,0.5,no,no
2026-09-28T04:52:10Z,SYN-00309,channel=chat,refund-v2,0.998,0.5,yes,yes
2026-09-28T06:29:51Z,SYN-02234,channel=chat,refund-v2,0.998,0.5,yes,yes
2026-09-28T06:43:11Z,SYN-02322,channel=email,refund-v2,0.446,0.5,no,no
2026-09-28T07:42:03Z,SYN-00411,channel=email,refund-v2,0.984,0.5,yes,yes
2026-09-28T08:09:08Z,SYN-00660,channel=email,refund-v2,0.999,0.5,yes,yes
2026-09-28T08:16:01Z,SYN-01681,channel=chat,refund-v2,0.006,0.5,no,no
2026-09-28T08:17:01Z,SYN-01230,channel=phone,refund-v2,0.282,0.5,no,yes
2026-09-28T09:36:38Z,SYN-01200,channel=chat,refund-v2,0.999,0.5,yes,yes
2026-09-28T11:55:32Z,SYN-01691,channel=email,refund-v2,0.986,0.5,yes,yes
2026-09-28T12:23:07Z,SYN-02392,channel=email,refund-v2,0.994,0.5,yes,yes
2026-09-28T12:46:12Z,SYN-00698,channel=chat,refund-v2,0.964,0.5,yes,yes
2026-09-28T15:46:31Z,SYN-00869,channel=email,refund-v2,0.001,0.5,no,no
2026-09-28T16:09:01Z,SYN-02214,channel=chat,refund-v2,0.999,0.5,yes,yes
2026-09-28T16:52:59Z,SYN-00062,channel=chat,refund-v2,0.868,0.5,yes,no
2026-09-28T19:09:17Z,SYN-00957,channel=email,refund-v2,0.897,0.5,yes,yes
2026-09-28T19:37:28Z,SYN-00325,channel=chat,refund-v2,0.999,0.5,yes,yes
2026-09-28T19:46:48Z,SYN-00089,channel=email,refund-v2,0.999,0.5,yes,yes
2026-09-28T20:26:30Z,SYN-00449,channel=chat,refund-v2,0.003,0.5,no,no
2026-09-28T21:02:33Z,SYN-01056,channel=chat,refund-v2,0.999,0.5,yes,yes
2026-09-28T22:14:31Z,SYN-00259,channel=chat,refund-v2,0.999,0.5,yes,yes
2026-09-28T23:18:06Z,SYN-01460,channel=chat,refund-v2,0.340,0.5,no,yes
2026-09-28T23:44:59Z,SYN-00587,channel=email,refund-v2,0.999,0.5,yes,yes
2026-09-28T23:58:01Z,SYN-00361,channel=email,refund-v2,0.001,0.5,no,no
2026-09-29T00:08:49Z,SYN-01181,channel=email,refund-v2,0.936,0.5,yes,yes
2026-09-29T00:24:05Z,SYN-00327,channel=email,refund-v2,0.993,0.5,yes,yes
2026-09-29T01:20:11Z,SYN-00986,channel=chat,refund-v2,0.017,0.5,no,no
2026-09-29T01:49:16Z,SYN-01793,channel=email,refund-v2,0.001,0.5,no,no
2026-09-29T02:31:07Z,SYN-01171,channel=chat,refund-v2,0.033,0.5,no,no
2026-09-29T04:07:19Z,SYN-01728,channel=chat,refund-v2,0.001,0.5,no,no
2026-09-29T04:08:17Z,SYN-02228,channel=email,refund-v2,0.003,0.5,no,no
2026-09-29T04:44:02Z,SYN-00605,channel=chat,refund-v2,0.031,0.5,no,no
2026-09-29T05:13:58Z,SYN-00622,channel=chat,refund-v2,0.769,0.5,yes,no
2026-09-29T06:12:10Z,SYN-01677,channel=email,refund-v2,0.020,0.5,no,yes
2026-09-29T06:19:56Z,SYN-00242,channel=email,refund-v2,0.087,0.5,no,no
2026-09-29T07:03:27Z,SYN-00525,channel=email,refund-v2,0.178,0.5,no,no
2026-09-29T07:44:24Z,SYN-02014,channel=email,refund-v2,0.023,0.5,no,no
2026-09-29T08:41:04Z,SYN-00353,channel=chat,refund-v2,0.064,0.5,no,no
2026-09-29T09:02:55Z,SYN-02302,channel=chat,refund-v2,0.001,0.5,no,no
2026-09-29T10:11:59Z,SYN-01013,channel=chat,refund-v2,0.001,0.5,no,no
2026-09-29T10:35:26Z,SYN-00434,channel=email,refund-v2,0.024,0.5,no,no
2026-09-29T10:52:53Z,SYN-00106,channel=chat,refund-v2,0.001,0.5,no,no
2026-09-29T11:04:26Z,SYN-01539,channel=email,refund-v2,0.405,0.5,no,no
2026-09-29T12:24:07Z,SYN-01100,channel=chat,refund-v2,0.976,0.5,yes,yes
2026-09-29T13:16:41Z,SYN-01608,channel=chat,refund-v2,0.999,0.5,yes,yes
2026-09-29T13:18:44Z,SYN-00403,channel=email,refund-v2,0.004,0.5,no,no
2026-09-29T14:23:00Z,SYN-02175,channel=chat,refund-v2,0.559,0.5,yes,yes
2026-09-29T14:29:32Z,SYN-02370,channel=chat,refund-v2,0.001,0.5,no,no
2026-09-29T16:17:05Z,SYN-01516,channel=email,refund-v2,0.005,0.5,no,no
2026-09-29T16:37:45Z,SYN-02019,channel=chat,refund-v2,0.037,0.5,no,yes
2026-09-29T18:34:47Z,SYN-02006,channel=email,refund-v2,0.001,0.5,no,no
2026-09-29T19:19:43Z,SYN-00969,channel=email,refund-v2,0.001,0.5,no,no
2026-09-29T19:21:49Z,SYN-00583,channel=email,refund-v2,0.999,0.5,yes,yes
2026-09-29T20:20:37Z,SYN-00590,channel=email,refund-v2,0.010,0.5,no,no
2026-09-29T21:11:53Z,SYN-00816,channel=chat,refund-v2,0.844,0.5,yes,no
2026-09-29T21:27:52Z,SYN-02126,channel=phone,refund-v2,0.003,0.5,no,no
2026-09-29T21:30:35Z,SYN-02077,channel=email,refund-v2,0.999,0.5,yes,yes
2026-09-29T21:55:53Z,SYN-02097,channel=email,refund-v2,0.026,0.5,no,no
2026-09-29T22:32:43Z,SYN-01749,channel=chat,refund-v2,0.994,0.5,yes,yes
2026-09-29T22:33:02Z,SYN-00513,channel=chat,refund-v2,0.001,0.5,no,no
2026-09-29T22:39:22Z,SYN-01052,channel=chat,refund-v2,0.343,0.5,no,yes
2026-09-29T23:42:34Z,SYN-00148,channel=email,refund-v2,0.001,0.5,no,no
2026-09-30T01:55:40Z,SYN-02072,channel=chat,refund-v2,0.040,0.5,no,no
2026-09-30T02:26:33Z,SYN-01684,channel=chat,refund-v2,0.994,0.5,yes,yes
2026-09-30T03:20:37Z,SYN-01005,channel=email,refund-v2,0.160,0.5,no,no
2026-09-30T03:48:04Z,SYN-00910,channel=email,refund-v2,0.917,0.5,yes,no
2026-09-30T03:48:37Z,SYN-01875,channel=chat,refund-v2,0.288,0.5,no,no
2026-09-30T03:53:28Z,SYN-00782,channel=email,refund-v2,0.123,0.5,no,no
2026-09-30T05:09:35Z,SYN-00717,channel=email,refund-v2,0.161,0.5,no,no
2026-09-30T05:35:04Z,SYN-01270,channel=email,refund-v2,0.989,0.5,yes,yes
2026-09-30T06:07:44Z,SYN-02263,channel=email,refund-v2,0.128,0.5,no,no
2026-09-30T06:11:45Z,SYN-01308,channel=email,refund-v2,0.999,0.5,yes,yes
2026-09-30T06:19:29Z,SYN-00668,channel=email,refund-v2,0.965,0.5,yes,yes
2026-09-30T07:08:25Z,SYN-01312,channel=email,refund-v2,0.996,0.5,yes,yes
2026-09-30T07:23:28Z,SYN-00632,channel=chat,refund-v2,0.002,0.5,no,no
2026-09-30T07:38:53Z,SYN-01504,channel=email,refund-v2,0.998,0.5,yes,yes
2026-09-30T09:29:18Z,SYN-01297,channel=chat,refund-v2,0.980,0.5,yes,yes
2026-09-30T10:14:30Z,SYN-00651,channel=email,refund-v2,0.999,0.5,yes,yes
2026-09-30T11:00:48Z,SYN-01553,channel=email,refund-v2,0.002,0.5,no,no
2026-09-30T11:16:53Z,SYN-00064,channel=email,refund-v2,0.001,0.5,no,no
2026-09-30T11:19:50Z,SYN-02117,channel=chat,refund-v2,0.996,0.5,yes,yes
2026-09-30T11:29:26Z,SYN-02178,channel=email,refund-v2,0.009,0.5,no,no
2026-09-30T12:32:21Z,SYN-01448,channel=email,refund-v2,0.999,0.5,yes,yes
2026-09-30T12:53:48Z,SYN-01830,channel=phone,refund-v2,0.999,0.5,yes,yes
2026-09-30T13:08:21Z,SYN-01016,channel=chat,refund-v2,0.731,0.5,yes,no
2026-09-30T13:25:43Z,SYN-01849,channel=email,refund-v2,0.999,0.5,yes,yes
2026-09-30T14:00:34Z,SYN-00763,channel=email,refund-v2,0.003,0.5,no,no
2026-09-30T14:23:11Z,SYN-00378,channel=email,refund-v2,0.947,0.5,yes,yes
2026-09-30T14:26:43Z,SYN-01541,channel=email,refund-v2,0.001,0.5,no,no
2026-09-30T15:45:16Z,SYN-02069,channel=chat,refund-v2,0.001,0.5,no,no
2026-09-30T17:15:12Z,SYN-02136,channel=chat,refund-v2,0.995,0.5,yes,yes
2026-09-30T17:52:46Z,SYN-00349,channel=chat,refund-v2,0.995,0.5,yes,yes
2026-09-30T18:02:13Z,SYN-01321,channel=email,refund-v2,0.286,0.5,no,yes
2026-09-30T18:16:10Z,SYN-01227,channel=chat,refund-v2,0.001,0.5,no,no
2026-09-30T18:46:49Z,SYN-00167,channel=email,refund-v2,0.446,0.5,no,no
2026-09-30T20:15:10Z,SYN-01606,channel=chat,refund-v2,0.006,0.5,no,no
2026-09-30T20:40:46Z,SYN-00111,channel=email,refund-v2,0.964,0.5,yes,yes
2026-09-30T21:08:13Z,SYN-00733,channel=email,refund-v2,0.673,0.5,yes,no
2026-09-30T21:37:36Z,SYN-01075,channel=email,refund-v2,0.154,0.5,no,no
2026-09-30T21:42:49Z,SYN-02293,channel=chat,refund-v2,0.999,0.5,yes,yes
2026-09-30T21:53:44Z,SYN-01518,channel=chat,refund-v2,0.996,0.5,yes,yes
2026-09-30T22:11:48Z,SYN-01724,channel=email,refund-v2,0.004,0.5,no,no
2026-09-30T22:17:55Z,SYN-00257,channel=chat,refund-v2,0.452,0.5,no,yes
2026-09-30T22:26:17Z,SYN-00831,channel=chat,refund-v2,0.001,0.5,no,no
2026-09-30T23:32:55Z,SYN-02261,channel=chat,refund-v2,0.715,0.5,yes,no
2026-09-30T23:36:32Z,SYN-01391,channel=phone,refund-v2,0.990,0.5,yes,yes
2026-09-30T23:57:29Z,SYN-02301,channel=email,refund-v2,0.001,0.5,no,no
2026-10-01T00:27:45Z,SYN-01334,channel=chat,refund-v2,0.993,0.5,yes,yes
2026-10-01T00:42:53Z,SYN-00017,channel=chat,refund-v2,0.992,0.5,yes,yes
2026-10-01T01:32:36Z,SYN-00311,channel=chat,refund-v2,0.999,0.5,yes,yes
2026-10-01T03:18:17Z,SYN-02026,channel=phone,refund-v2,0.004,0.5,no,no
2026-10-01T03:20:24Z,SYN-01218,channel=email,refund-v2,0.101,0.5,no,no
2026-10-01T03:40:17Z,SYN-00329,channel=email,refund-v2,0.001,0.5,no,no
2026-10-01T04:58:18Z,SYN-01088,channel=email,refund-v2,0.993,0.5,yes,yes
2026-10-01T05:02:00Z,SYN-00205,channel=chat,refund-v2,0.001,0.5,no,no
2026-10-01T05:35:48Z,SYN-01489,channel=chat,refund-v2,0.001,0.5,no,no
2026-10-01T05:44:49Z,SYN-02048,channel=chat,refund-v2,0.001,0.5,no,no
2026-10-01T06:52:12Z,SYN-02291,channel=chat,refund-v2,0.001,0.5,no,no
2026-10-01T06:52:53Z,SYN-00092,channel=email,refund-v2,0.763,0.5,yes,no
2026-10-01T07:09:33Z,SYN-00543,channel=email,refund-v2,0.164,0.5,no,no
2026-10-01T08:09:41Z,SYN-01026,channel=chat,refund-v2,0.001,0.5,no,no
2026-10-01T09:04:53Z,SYN-01295,channel=email,refund-v2,0.953,0.5,yes,yes
2026-10-01T09:06:49Z,SYN-00408,channel=chat,refund-v2,0.999,0.5,yes,yes
2026-10-01T09:12:49Z,SYN-02193,channel=chat,refund-v2,0.966,0.5,yes,yes
2026-10-01T09:17:13Z,SYN-02373,channel=email,refund-v2,0.001,0.5,no,no
2026-10-01T09:23:00Z,SYN-02376,channel=chat,refund-v2,0.003,0.5,no,no
2026-10-01T10:08:58Z,SYN-01290,channel=email,refund-v2,0.007,0.5,no,no
2026-10-01T10:30:34Z,SYN-00489,channel=email,refund-v2,0.179,0.5,no,no
2026-10-01T10:38:35Z,SYN-01461,channel=chat,refund-v2,0.001,0.5,no,no
2026-10-01T11:09:52Z,SYN-01373,channel=chat,refund-v2,0.093,0.5,no,no
2026-10-01T11:21:58Z,SYN-01170,channel=chat,refund-v2,0.247,0.5,no,no
2026-10-01T11:50:30Z,SYN-02042,channel=chat,refund-v2,0.009,0.5,no,no
2026-10-01T13:25:25Z,SYN-00433,channel=email,refund-v2,0.999,0.5,yes,yes
2026-10-01T13:39:57Z,SYN-01081,channel=email,refund-v2,0.007,0.5,no,no
2026-10-01T14:15:14Z,SYN-01663,channel=email,refund-v2,0.999,0.5,yes,yes
2026-10-01T14:23:05Z,SYN-01652,channel=email,refund-v2,0.307,0.5,no,yes
2026-10-01T14:53:31Z,SYN-00212,channel=email,refund-v2,0.999,0.5,yes,yes
2026-10-01T16:08:11Z,SYN-00324,channel=email,refund-v2,0.885,0.5,yes,no
2026-10-01T16:22:32Z,SYN-01617,channel=email,refund-v2,0.999,0.5,yes,yes
2026-10-01T17:42:21Z,SYN-00836,channel=email,refund-v2,0.001,0.5,no,no
2026-10-01T18:03:33Z,SYN-02222,channel=email,refund-v2,0.999,0.5,yes,yes
2026-10-01T18:08:22Z,SYN-00527,channel=email,refund-v2,0.001,0.5,no,no
2026-10-01T18:49:46Z,SYN-01438,channel=email,refund-v2,0.680,0.5,yes,yes
2026-10-01T19:47:15Z,SYN-01133,channel=chat,refund-v2,0.089,0.5,no,no
2026-10-01T20:45:22Z,SYN-00802,channel=email,refund-v2,0.969,0.5,yes,yes
2026-10-01T22:11:56Z,SYN-00934,channel=chat,refund-v2,0.001,0.5,no,no
2026-10-01T22:18:16Z,SYN-01045,channel=chat,refund-v2,0.001,0.5,no,no
2026-10-01T22:37:11Z,SYN-00834,channel=chat,refund-v2,0.102,0.5,no,no
2026-10-01T22:43:11Z,SYN-00105,channel=chat,refund-v2,0.999,0.5,yes,yes
2026-10-01T22:59:31Z,SYN-01873,channel=chat,refund-v2,0.002,0.5,no,no
2026-10-01T23:18:16Z,SYN-01478,channel=email,refund-v2,0.999,0.5,yes,yes
2026-10-01T23:30:41Z,SYN-02050,channel=email,refund-v2,0.994,0.5,yes,yes
2026-10-01T23:42:24Z,SYN-00690,channel=chat,refund-v2,0.999,0.5,yes,yes
